,id,a,b,c,alpha,beta,gamma
0,mp-19,4.601352515923067,4.601352515923067,5.900062000998235,90.0,90.0,119.99999999999999
1,mp-149,5.443702372939453,5.443702372939453,5.443702372939453,90.0,90.0,90.0
2,mp-239,6.9519550500000005,6.9519550500000005,4.21601149,90.0,90.0,90.0
3,mp-241,5.40103778304604,5.40103778304604,5.40103778304604,90.0,90.0,90.0
4,mp-252,5.662917575119757,5.662917575119757,5.662917575119757,90.0,90.0,90.0
5,mp-315,5.915896864695085,5.915896864695085,5.915896864695085,90.0,90.0,90.0
6,mp-361,4.24669932,4.24669932,4.24669932,90.0,90.0,90.0
7,mp-375,4.13541623,4.13541623,4.13541623,90.0,90.0,90.0
8,mp-406,6.564227112423829,6.564227112423829,6.564227112423829,90.0,90.0,90.0
9,mp-422,4.870303297786005,4.870303297786005,4.870303297786005,90.0,90.0,90.0
10,mp-441,8.562208858073191,8.562208858073191,8.562208858073191,90.0,90.0,90.0
11,mp-467,3.8754424082805903,3.8754424082805903,27.46114430799189,90.0,90.0,119.99999999999999
12,mp-588,4.906004282306151,4.906004282306151,13.173860517979536,90.0,90.0,120.00000000000001
13,mp-643,5.600959220714735,5.600959220714735,5.600959220714735,90.0,90.0,90.0
14,mp-648,6.49830897865175,6.49830897865175,6.49830897865175,90.0,90.0,90.0
15,mp-661,3.128588135976751,3.128588135976751,5.016955,90.0,90.0,119.99999999999999
16,mp-665,3.841899136404435,3.841899136404435,6.4858801,90.0,90.0,120.00000000000001
17,mp-672,4.168838099510944,4.168838099510944,6.77961741,90.0,90.0,119.99999999999999
18,mp-706,3.6589529471055213,3.6589529471055213,11.045498802927751,90.0,90.0,90.0
19,mp-733,4.986950089999588,4.986950089999588,5.67479619,90.0,90.0,120.00000000000001
20,mp-736,4.219273805576638,4.219273805576638,7.54705753,90.0,90.0,119.99999999999999
21,mp-757,4.341471481891913,4.341471481891913,7.745609,90.0,90.0,120.00000000000001
22,mp-762,3.54874218934387,3.54874218934387,5.59706654,90.0,90.0,120.00000000000001
23,mp-766,3.00114582,5.43556299,6.20594752,90.0,90.0,90.0
24,mp-804,3.1889304035246457,3.1889304035246457,5.19235725,90.0,90.0,119.99999999999999
25,mp-827,6.1018011821357785,6.1018011821357785,7.03239008835671,90.0,90.0,90.0
26,mp-841,3.1026343294763437,3.1026343294763437,7.56992946,90.0,90.0,120.00000000000001
27,mp-856,4.764818045,4.764818045,3.20749977,90.0,90.0,90.0
28,mp-938,4.188986794466971,4.188986794466971,11.03707735428012,90.0,90.0,119.99999999999999
29,mp-947,5.273982179999999,5.273982179999999,5.273982179999999,90.0,90.0,90.0
30,mp-971,4.502013090000001,4.51565428,6.37500949,90.0,90.0,90.0
31,mp-984,2.512428228120049,2.512428228120049,7.707265,90.0,90.0,120.00000000000001
32,mp-10074,5.936630091371072,5.936630091371072,9.571308051830133,90.0,90.0,90.0
33,mp-10086,3.77298504,3.77298504,6.82666712,90.0,90.0,90.0
34,mp-10226,3.975520649188188,3.975520649188188,19.80257934697099,90.0,90.0,119.99999999999999
35,mp-10322,4.13241419,4.13241419,8.42759229,90.0,90.0,90.0
36,mp-10401,6.006421216027281,6.006421216027281,4.80758079,90.0,90.0,119.99999999999999
37,mp-10402,5.919080258390827,5.919080258390827,4.76418862,90.0,90.0,119.99999999999999
38,mp-10408,5.770837322111839,5.6785405361337995,5.770783143801709,90.0,108.45901431386757,90.0
39,mp-10485,4.940407598328941,4.940407598328941,9.18028967,90.0,90.0,120.00000000000001
40,mp-10572,4.947436840674604,4.947436840674604,6.962243147116519,90.0,90.0,90.0
41,mp-10616,4.532278736656025,4.532278736656025,4.60523575,90.0,90.0,120.00000000000001
42,mp-10623,6.707204948115119,6.707204948115119,6.707204948115119,90.0,90.0,90.0
43,mp-10748,5.486557430000001,5.486557430000001,5.486557430000001,90.0,90.0,90.0
44,mp-10778,4.399986695589729,4.399986695589729,23.914510331226026,90.0,90.0,120.00000000000001
45,mp-10779,4.3678276055337175,4.3678276055337175,23.90189253752534,90.0,90.0,120.00000000000001
46,mp-10781,4.271940981679391,4.271940981679391,23.825984588809533,90.0,90.0,119.99999999999999
47,mp-10782,4.239960061190024,4.239960061190024,23.813682097575263,90.0,90.0,120.00000000000001
48,mp-10783,4.201311853103307,4.201311853103307,23.805510614365897,90.0,90.0,119.99999999999999
49,mp-10784,4.183343916535888,4.183343916535888,23.7983671275726,90.0,90.0,119.99999999999999
50,mp-10785,4.1362604678891195,4.1362604678891195,23.771646574433746,90.0,90.0,119.99999999999999
51,mp-10919,5.405893506952568,5.405893506952568,5.20080089,90.0,90.0,119.99999999999999
52,mp-10930,3.7862904200000003,3.7862904200000003,6.82317797,90.0,90.0,90.0
53,mp-10931,3.74383227,3.74383227,6.78733651,90.0,90.0,90.0
54,mp-10933,4.649965045825805,4.649965045825805,7.77389009,90.0,90.0,119.99999999999999
55,mp-10969,3.5567422044331076,3.5567422044331076,14.579926417270276,90.0,90.0,120.00000000000001
56,mp-1022,7.41387892258685,7.41387892258685,7.41387892258685,90.0,90.0,90.0
57,mp-1039,4.590202539375506,4.590202539375506,7.43780571,90.0,90.0,119.99999999999999
58,mp-1087,6.0480334773227975,6.0480334773227975,6.0480334773227975,90.0,90.0,90.0
59,mp-1105,3.8380148229466498,3.8380148229466498,6.898199266733667,90.0,90.0,90.0
60,mp-1115,3.7173065480242062,3.7173065480242062,5.82007402,90.0,90.0,119.99999999999999
61,mp-1153,5.670335685713675,5.670335685713675,5.670335685713675,90.0,90.0,90.0
62,mp-1170,3.674305600569976,3.674305600569976,6.22883184,90.0,90.0,120.00000000000001
63,mp-1190,5.664885081390604,5.664885081390604,5.664885081390604,90.0,90.0,90.0
64,mp-1224,3.58509138,5.56420636,6.69606078,90.0,90.0,90.0
65,mp-1265,4.1940027853522395,4.1940027853522395,4.1940027853522395,90.0,90.0,90.0
66,mp-1266,6.759551156983516,6.759551156983516,6.759551156983516,90.0,90.0,90.0
67,mp-1315,5.208795111220911,5.208795111220911,5.208795111220911,90.0,90.0,90.0
68,mp-1342,5.580783419036325,5.580783419036325,5.580783419036325,90.0,90.0,90.0
69,mp-1415,5.940476210343394,5.940476210343394,5.940476210343394,90.0,90.0,90.0
70,mp-1479,4.532144769089332,4.532144769089332,4.532144769089332,90.0,90.0,90.0
71,mp-1500,6.451351236011469,6.451351236011469,6.451351236011469,90.0,90.0,90.0
72,mp-1519,6.391708758054385,6.391708758054385,6.391708758054385,90.0,90.0,90.0
73,mp-1522,3.37769817,4.42562487,5.39652822,90.0,90.0,90.0
74,mp-1541,5.167937476362056,5.167937476362056,5.167937476362056,90.0,90.0,90.0
75,mp-1550,5.472967426017369,5.472967426017369,5.472967426017369,90.0,90.0,90.0
76,mp-1569,4.324511945749077,4.324511945749077,4.324511945749077,90.0,90.0,90.0
77,mp-1572,3.773436731732547,3.773436731732547,16.52079197,90.0,90.0,119.99999999999999
78,mp-1591,3.3330319433644853,3.3330319433644853,24.915625668909783,90.0,90.0,120.00000000000001
79,mp-1672,5.704748583424641,5.704748583424641,5.704748583424641,90.0,90.0,90.0
80,mp-1747,8.182375931826074,8.182375931826074,8.182375931826074,90.0,90.0,90.0
81,mp-1776,5.261712590768087,5.261712590768087,5.261712590768087,90.0,90.0,90.0
82,mp-1821,3.3199329218010143,3.3199329218010143,13.7371873,90.0,90.0,120.00000000000001
83,mp-1852,6.416870207111135,6.416870207111135,4.477941568451381,90.0,90.0,90.0
84,mp-1873,4.70294417,4.70294417,3.1328902100000002,90.0,90.0,90.0
85,mp-1883,6.371626132571059,6.371626132571059,6.371626132571059,90.0,90.0,90.0
86,mp-1958,6.711670620839228,6.711670620839228,6.711670620839228,90.0,90.0,90.0
87,mp-1960,4.653708763836069,4.653708763836069,4.653708763836069,90.0,90.0,90.0
88,mp-11019,2.971853523119563,2.971853523119563,11.44881994,90.0,90.0,119.99999999999999
89,mp-11020,2.9906166992273104,2.9906166992273104,12.42136296,90.0,90.0,119.99999999999999
90,mp-11022,3.2114229286275666,3.2114229286275666,12.40930025,90.0,90.0,119.99999999999999
91,mp-11107,4.095488002164615,4.095488002164615,6.29988201,90.0,90.0,120.00000000000001
92,mp-11147,4.577351,4.577351,8.207251,90.0,90.0,90.0
93,mp-11178,3.639646607613101,3.639646607613101,17.964927969452294,90.0,90.0,120.00000000000001
94,mp-11327,8.057712764073448,8.057712764073448,8.057712764073448,90.0,90.0,90.0
95,mp-11739,4.709378486002885,4.709378486002885,24.563411191166676,90.0,90.0,120.00000000000001
96,mp-11740,4.620797928443806,4.620797928443806,24.597035925004164,90.0,90.0,120.00000000000001
97,mp-11775,4.328371596666666,4.328371596666666,4.328371596666666,90.0,90.0,90.0
98,mp-12317,3.9787573510756866,3.9787573510756866,15.108780924252574,90.0,90.0,119.99999999999999
99,mp-12442,7.554441848936402,7.554441848936402,7.211647041672181,90.0,90.0,120.00000000000001
100,mp-12444,3.93943137,3.93943137,8.64701502,90.0,90.0,90.0
101,mp-12509,3.9075921615830094,3.9075921615830094,30.491285454074795,90.0,90.0,119.99999999999999
102,mp-12668,3.80964158775367,3.80964158775367,6.61388556,90.0,90.0,120.00000000000001
103,mp-12670,3.7617444589047935,3.7617444589047935,6.55446067,90.0,90.0,119.99999999999999
104,mp-12671,3.738036123615899,3.738036123615899,6.52200321,90.0,90.0,120.00000000000001
105,mp-12904,7.12925411,7.12925411,4.64161863,90.0,90.0,90.0
106,mp-12954,4.984760243394115,4.984760243394115,9.035491831725347,90.0,90.0,90.0
107,mp-12957,8.754856,6.220214,4.389828171850124,90.0,115.76698413047657,90.0
108,mp-13031,5.937855388474067,5.937855388474067,5.937855388474067,90.0,90.0,90.0
109,mp-13038,3.7368859103462726,3.7368859103462726,8.201376,90.0,90.0,119.99999999999999
110,mp-13275,7.66479932631214,7.66479932631214,4.48604454,90.0,90.0,120.00000000000001
111,mp-13276,4.371296412853743,4.371296412853743,8.04126415,90.0,90.0,120.00000000000001
112,mp-13277,4.523617695411071,4.523617695411071,8.75238429,90.0,90.0,119.99999999999999
113,mp-13312,3.792497392126931,3.792497392126931,14.94939822,90.0,90.0,120.00000000000001
114,mp-13313,3.967793441523208,3.967793441523208,23.078360715339485,90.0,90.0,119.99999999999999
115,mp-13610,5.126887530043264,5.126887530043264,14.436050510243696,90.0,90.0,120.00000000000001
116,mp-13660,4.700047629802054,4.700047629802054,16.299760489038935,90.0,90.0,90.0
117,mp-13694,3.788307097202936,3.788307097202936,17.01156042325423,90.0,90.0,119.99999999999999
118,mp-13903,5.120740767679854,5.120740767679854,13.924412519434883,90.0,90.0,120.00000000000001
119,mp-13907,5.254960409629441,5.254960409629441,14.850194197282196,90.0,90.0,120.00000000000001
120,mp-13971,4.000934983996496,4.000934983996496,7.03823685,90.0,90.0,120.00000000000001
121,mp-13972,3.937997242734491,3.937997242734491,6.94589621,90.0,90.0,120.00000000000001
122,mp-13974,3.800517969037033,3.800517969037033,6.75888045,90.0,90.0,119.99999999999999
123,mp-13984,5.056799392418005,5.056799392418005,14.505292312641643,90.0,90.0,120.00000000000001
124,mp-14070,8.021614149030482,8.021614149030482,8.021614149030482,90.0,90.0,90.0
125,mp-14088,8.487651353192373,8.487651353192373,8.487651353192373,90.0,90.0,90.0
126,mp-14091,5.975205832709159,5.975205832709159,11.022078117801527,90.0,90.0,90.0
127,mp-14115,3.0402293590714393,3.0402293590714393,14.041680872092838,90.0,90.0,119.99999999999999
128,mp-14116,3.085909045506548,3.085909045506548,17.065339858815793,90.0,90.0,119.99999999999999
129,mp-14205,5.748374833597323,5.748374833597323,20.450367151360027,90.0,90.0,120.00000000000001
130,mp-14437,3.4813449539310914,3.4813449539310914,19.526692523359472,90.0,90.0,120.00000000000001
131,mp-15724,7.704635599215965,7.704635599215965,7.704635599215965,90.0,90.0,90.0
132,mp-15781,4.291318621470166,4.291318621470166,21.903887075312923,90.0,90.0,120.00000000000001
133,mp-15782,4.2219870664947186,4.2219870664947186,22.038850122207176,90.0,90.0,119.99999999999999
134,mp-15783,4.133890772832996,4.133890772832996,21.9801440150981,90.0,90.0,119.99999999999999
135,mp-15784,4.090330012559927,4.090330012559927,21.980620800000096,90.0,90.0,119.99999999999999
136,mp-15786,4.018132733901642,4.018132733901642,21.91419779829489,90.0,90.0,120.00000000000001
137,mp-15789,3.89874711079078,3.89874711079078,18.4166710838428,90.0,90.0,119.99999999999999
138,mp-15790,3.8804666954713083,3.8804666954713083,18.402725330869345,90.0,90.0,120.00000000000001
139,mp-15792,4.103480529965115,4.103480529965115,19.3883824090159,90.0,90.0,119.99999999999999
140,mp-15793,4.071353986267191,4.071353986267191,19.405224285740793,90.0,90.0,120.00000000000001
141,mp-15795,4.050913794107377,4.050913794107377,19.37606815814821,90.0,90.0,119.99999999999999
142,mp-15796,4.0355900214995195,4.0355900214995195,19.330663744768707,90.0,90.0,119.99999999999999
143,mp-15988,6.291892799711175,6.291892799711175,6.291892799711175,90.0,90.0,90.0
144,mp-16032,4.093107432160551,4.093107432160551,13.03670064443294,90.0,90.0,90.0
145,mp-16033,4.0050601556600895,4.0050601556600895,12.737964328255678,90.0,90.0,90.0
146,mp-16035,3.967244630216253,3.967244630216253,12.602618900490132,90.0,90.0,90.0
147,mp-16036,3.9307317945445677,3.9307317945445677,12.496129959723358,90.0,90.0,90.0
148,mp-16037,3.9114187935966256,3.9114187935966256,12.436038645543983,90.0,90.0,90.0
149,mp-16236,4.51645146,4.51645146,7.6982129,90.0,90.0,90.0
150,mp-16763,4.495359508416277,4.495359508416277,24.50106914842708,90.0,90.0,119.99999999999999
151,mp-19178,2.861520861046852,2.861520861046852,12.28569151,90.0,90.0,119.99999999999999
152,mp-19338,2.7692701576901118,2.7692701576901118,16.049502447135133,90.0,90.0,120.00000000000001
153,mp-19378,2.9928262211308585,2.9928262211308585,18.55869299052621,90.0,90.0,119.99999999999999
154,mp-19443,5.32499735,5.32499735,3.94449455,90.0,90.0,90.0
155,mp-19717,6.5417936101197425,6.5417936101197425,6.5417936101197425,90.0,90.0,90.0
156,mp-19734,5.124584485333622,5.124584485333622,14.229468236718324,90.0,90.0,120.00000000000001
157,mp-19833,5.873910311268413,5.873910311268413,11.395495516130557,90.0,90.0,90.0
158,mp-19886,6.798892648031452,6.798892648031452,6.798892648031452,90.0,90.0,90.0
159,mp-20015,4.894081558584741,4.894081558584741,5.51676445,90.0,90.0,120.00000000000001
160,mp-20072,3.8454876056591507,3.8454876056591507,16.899811360515404,90.0,90.0,120.00000000000001
161,mp-20098,4.339554848334276,4.339554848334276,13.36430255816295,90.0,90.0,90.0
162,mp-20194,5.467450347765208,5.467450347765208,5.467450347765208,90.0,90.0,90.0
163,mp-20273,4.84593119,4.84593119,4.84593119,90.0,90.0,90.0
164,mp-20289,3.81681116079536,3.81681116079536,19.88759370298708,90.0,90.0,120.00000000000001
165,mp-20374,3.7129136336422977,3.7129136336422977,8.180967,90.0,90.0,120.00000000000001
166,mp-20526,5.96737082,5.97403714,11.27537033,90.0,90.0,90.0
167,mp-20731,5.937919136147785,5.937919136147785,11.700519674165704,90.0,90.0,90.0
168,mp-20790,5.727184582782915,5.727184582782915,9.07940786850607,90.0,90.0,90.0
169,mp-2068,4.876165023637776,4.876165023637776,13.584570764619661,90.0,90.0,120.00000000000001
170,mp-2074,6.544922671159856,6.544922671159856,6.544922671159856,90.0,90.0,90.0
171,mp-2097,3.81369522,3.81369522,4.8869133,90.0,90.0,90.0
172,mp-2133,3.2373510234543743,3.2373510234543743,5.2220613,90.0,90.0,119.99999999999999
173,mp-2172,5.675801600904916,5.675801600904916,5.675801600904916,90.0,90.0,90.0
174,mp-2176,6.1112291203687645,6.1112291203687645,6.1112291203687645,90.0,90.0,90.0
175,mp-2201,6.181647072994785,6.181647072994785,6.181647072994785,90.0,90.0,90.0
176,mp-2251,3.6097274001943127,3.6097274001943127,3.85463861,90.0,90.0,120.00000000000001
177,mp-2286,5.9520885296812125,5.9520885296812125,5.9520885296812125,90.0,90.0,90.0
178,mp-2319,2.94564109,5.09488199,5.90694818,90.0,90.0,90.0
179,mp-2352,5.484981735819652,5.484981735819652,5.484981735819652,90.0,90.0,90.0
180,mp-2400,4.45154721903268,4.45154721903268,10.17580278,90.0,90.0,119.99999999999999
181,mp-2437,4.9588949095685875,4.9588949095685875,13.714840021423637,90.0,90.0,120.00000000000001
182,mp-2455,3.04327858,5.41927134,6.20976018,90.0,90.0,90.0
183,mp-2472,5.1675693775763,5.1675693775763,5.1675693775763,90.0,90.0,90.0
184,mp-2490,5.45162498890976,5.45162498890976,5.45162498890976,90.0,90.0,90.0
185,mp-2507,3.5932473575762773,3.5932473575762773,16.01465599,90.0,90.0,120.00000000000001
186,mp-2530,6.513749003287515,6.513749003287515,6.513749003287515,90.0,90.0,90.0
187,mp-2605,4.807111392065781,4.807111392065781,4.807111392065781,90.0,90.0,90.0
188,mp-2624,6.185042287114787,6.185042287114787,6.185042287114787,90.0,90.0,90.0
189,mp-2659,5.502507520956158,3.2687436554262224,4.840211758322798,90.0,104.78388365541447,90.0
190,mp-2667,4.28285436,4.28285436,4.28285436,90.0,90.0,90.0
191,mp-2691,6.14054239711744,6.14054239711744,6.14054239711744,90.0,90.0,90.0
192,mp-2693,6.020867425510299,6.020867425510299,6.020867425510299,90.0,90.0,90.0
193,mp-2697,3.5442403247477334,3.5442403247477334,6.6845123218523606,90.0,90.0,90.0
194,mp-2706,4.07831350075408,4.07831350075408,7.769306271936078,90.0,90.0,90.0
195,mp-2758,6.279421748401956,6.279421748401956,6.279421748401956,90.0,90.0,90.0
196,mp-2784,7.265958466767905,7.265958466767905,7.265958466767905,90.0,90.0,90.0
197,mp-2964,3.478627283735936,5.358031129591835,5.468455136001609,90.0,90.0,90.0
198,mp-2991,4.39260526472602,4.39260526472602,14.948161682797942,90.0,90.0,90.0
199,mp-21276,4.23050716,5.9824948,8.43319393,90.0,90.0,90.0
200,mp-21855,5.5751705,5.5751705,5.5751705,90.0,90.0,90.0
201,mp-22232,8.168701471226143,8.168701471226143,6.9284588156446185,90.0,90.0,90.0
202,mp-22313,3.13998282,4.55414738,9.43159774,90.0,90.0,90.0
203,mp-22859,5.070440821419709,5.070440821419709,11.771678524974021,90.0,90.0,90.0
204,mp-22867,6.911900718971193,6.911900718971193,6.911900718971193,90.0,90.0,90.0
205,mp-22877,3.6387906923434383,3.6387906923434383,6.09125368,90.0,90.0,120.00000000000001
206,mp-22881,3.8572081188736136,3.8572081188736136,18.317236266772106,90.0,90.0,120.00000000000001
207,mp-22885,4.246657338317982,4.246657338317982,7.091690772966438,90.0,90.0,90.0
208,mp-22897,4.5290546219909995,4.5290546219909995,11.043826629258659,90.0,90.0,90.0
209,mp-22898,7.084871231449998,7.084871231449998,7.084871231449998,90.0,90.0,90.0
210,mp-22903,7.382334730099113,7.382334730099113,7.382334730099113,90.0,90.0,90.0
211,mp-22909,5.5951228491051666,5.5951228491051666,9.883078141753684,90.0,90.0,90.0
212,mp-22916,5.923084507707753,5.923084507707753,5.923084507707753,90.0,90.0,90.0
213,mp-22922,5.545325993612285,5.545325993612285,5.545325993612285,90.0,90.0,90.0
214,mp-22925,6.56419155646163,6.56419155646163,6.56419155646163,90.0,90.0,90.0
215,mp-22935,4.309097403877068,4.309097403877068,19.945694311527124,90.0,90.0,90.0
216,mp-22936,3.6578330179360052,3.6578330179360052,19.726325322534635,90.0,90.0,120.00000000000001
217,mp-22939,3.8933967,3.8933967,7.49318875,90.0,90.0,90.0
218,mp-22946,3.19007562,3.86656054,7.952460439999999,90.0,90.0,90.0
219,mp-22951,4.70410576,4.70410576,8.00429698,90.0,90.0,90.0
220,mp-22956,7.05764687,7.05764687,4.09634545,90.0,90.0,90.0
221,mp-22958,5.943277140641094,5.943277140641094,8.233972751427013,90.0,90.0,120.00000000000001
222,mp-22964,4.10916829,4.10916829,7.23904356,90.0,90.0,90.0
223,mp-22975,10.285495828691756,10.285495828691756,10.285495828691756,90.0,90.0,90.0
224,mp-22981,6.301585160929237,6.301585160929237,7.966300755780654,90.0,90.0,120.00000000000001
225,mp-22988,7.693632781449086,7.693632781449086,9.534901600706089,90.0,90.0,120.00000000000001
226,mp-22990,6.3674492882111675,6.3674492882111675,12.43758889793637,90.0,90.0,119.99999999999999
227,mp-23009,3.7095114065778385,3.7095114065778385,20.588636193915942,90.0,90.0,120.00000000000001
228,mp-23025,4.11542769,4.11542769,6.92503718,90.0,90.0,90.0
229,mp-23033,3.8930932745441136,3.8930932745441136,21.11645839446954,90.0,90.0,119.99999999999999
230,mp-23040,4.311202296987753,4.311202296987753,22.26635316520948,90.0,90.0,120.00000000000001
231,mp-23046,4.27610854,4.27610854,8.97879985,90.0,90.0,90.0
232,mp-23052,3.75514487,4.11848974,9.70430948,90.0,90.0,90.0
233,mp-23056,3.938812910281553,3.938812910281553,21.98055454407755,90.0,90.0,120.00000000000001
234,mp-23058,4.04899113,4.04899113,6.78904691,90.0,90.0,90.0
235,mp-23068,4.02843134,4.02843134,7.89926955,90.0,90.0,90.0
236,mp-23070,4.5399233500000005,4.5399233500000005,7.49539352,90.0,90.0,90.0
237,mp-23072,3.92782718,3.92782718,8.39431909,90.0,90.0,90.0
238,mp-23162,3.404810468398956,3.404810468398956,19.976781949379994,90.0,90.0,120.00000000000001
239,mp-23177,4.743077152573382,4.743077152573382,11.286349926373505,90.0,90.0,90.0
240,mp-23183,7.474769861164252,7.474769861164252,4.24927627,90.0,90.0,120.00000000000001
241,mp-23202,4.860243728716956,12.86526409645591,4.83363636,90.0,90.0,90.0
242,mp-23205,4.1956845299391015,4.1956845299391015,7.10572693,90.0,90.0,120.00000000000001
243,mp-23251,6.5890819395976505,6.5890819395976505,6.5890819395976505,90.0,90.0,90.0
244,mp-23268,6.43731337264115,6.43731337264115,6.43731337264115,90.0,90.0,90.0
245,mp-23297,5.3104690967558,7.569116689334061,6.22369746,90.0,90.0,90.0
246,mp-23406,10.338716168297802,10.338716168297802,10.338716168297802,90.0,90.0,90.0
247,mp-23465,10.55848469859708,10.55848469859708,10.55848469859708,90.0,90.0,90.0
248,mp-23475,10.277402817449191,10.277402817449191,10.277402817449191,90.0,90.0,90.0
249,mp-23703,4.017238783831899,4.017238783831899,4.017238783831899,90.0,90.0,90.0
250,mp-23710,4.476694,4.476694,2.992537,90.0,90.0,90.0
251,mp-23737,3.9880979999999995,3.9880979999999995,3.9880979999999995,90.0,90.0,90.0
252,mp-23804,6.355060652974447,6.355060652974447,6.355060652974447,90.0,90.0,90.0
253,mp-23818,4.01142218,4.01142218,4.01142218,90.0,90.0,90.0
254,mp-23856,4.92798156,4.93579158,4.27946589,90.0,90.0,90.0
255,mp-23859,3.8166786,3.8166786,6.90281062,90.0,90.0,90.0
256,mp-23860,4.1068944,4.1068944,6.9852223,90.0,90.0,90.0
257,mp-23861,4.42149759,4.42149759,7.26851667,90.0,90.0,90.0
258,mp-23862,4.77580877,4.77580877,7.80022709,90.0,90.0,90.0
259,mp-23870,4.772843330328639,4.772843330328639,4.772843330328639,90.0,90.0,90.0
260,mp-23879,6.2140488626387524,3.587817131402716,4.8087733755641935,90.0,91.39530802581758,90.0
261,mp-23956,4.008934676425388,4.008934676425388,13.552924274030122,90.0,90.0,90.0
262,mp-24012,3.8091576860533607,3.8091576860533607,3.88739471,90.0,90.0,119.99999999999999
263,mp-24066,4.182585684111552,4.182585684111552,10.079665,90.0,90.0,119.99999999999999
264,mp-24084,5.672497599020256,5.672497599020256,5.672497599020256,90.0,90.0,90.0
265,mp-24204,4.02334212,4.02334212,9.34312645,90.0,90.0,90.0
266,mp-24292,7.59973554,7.59973554,7.59973554,90.0,90.0,90.0
267,mp-24422,3.837287169999999,3.837287169999999,8.27880997,90.0,90.0,90.0
268,mp-24423,4.23942733,4.23942733,7.28807182,90.0,90.0,90.0
269,mp-24424,4.56529887,4.56529887,7.44013322,90.0,90.0,90.0
270,mp-24721,6.008162523338445,6.008162523338445,6.008162523338445,90.0,90.0,90.0
271,mp-27193,6.37545785328841,6.37545785328841,7.866332161879258,90.0,90.0,119.99999999999999
272,mp-27214,5.83900561,5.83900561,5.83900561,90.0,90.0,90.0
273,mp-27294,5.93247235,5.93247235,5.93247235,90.0,90.0,90.0
274,mp-27315,5.824493957519114,5.824493957519114,14.343530047108457,90.0,90.0,120.00000000000001
275,mp-27419,5.062303708022986,5.062303708022986,13.996581125195702,90.0,90.0,120.00000000000001
276,mp-27420,5.2747993172177985,5.2747993172177985,15.290374086118062,90.0,90.0,120.00000000000001
277,mp-27562,3.0548730380787337,5.465136709627562,13.120389695046923,90.0,90.0,90.0
278,mp-27616,3.93668739,5.30901972,7.84006561,90.0,90.0,90.0
279,mp-27702,3.5480108900000005,4.100010329999999,8.40576789,90.0,90.0,90.0
280,mp-27703,3.6476039199999994,4.07717859,8.90792645,90.0,90.0,90.0
281,mp-27726,5.797962936463708,6.101376890032142,5.90349217,90.0,90.0,90.0
282,mp-27743,6.39358828688502,6.39358828688502,4.280533447390971,90.0,90.0,90.0
283,mp-27827,9.992876674236278,9.992876674236278,9.992876674236278,90.0,90.0,90.0
284,mp-27828,10.348355184130737,10.348355184130737,10.348355184130737,90.0,90.0,90.0
285,mp-27831,10.21282800784718,10.21282800784718,10.21282800784718,90.0,90.0,90.0
286,mp-27832,10.01779105410867,10.01779105410867,10.01779105410867,90.0,90.0,90.0
287,mp-27834,9.827397080532686,9.827397080532686,9.827397080532686,90.0,90.0,90.0
288,mp-27839,9.80903408050262,9.80903408050262,9.80903408050262,90.0,90.0,90.0
289,mp-27841,3.4281959499999997,3.77685904,8.705278599999998,90.0,90.0,90.0
290,mp-27850,3.26575402,3.9420628900000003,8.09629069,90.0,90.0,90.0
291,mp-27869,4.681180345817013,4.681180345817013,22.725994427883837,90.0,90.0,120.00000000000001
292,mp-27913,2.8488726017040245,2.8488726017040245,12.935226315666643,90.0,90.0,119.99999999999999
293,mp-27980,4.207837996988386,4.207837996988386,15.825001750919283,90.0,90.0,119.99999999999999
294,mp-28013,4.168581207450842,4.168581207450842,7.14619956,90.0,90.0,119.99999999999999
295,mp-28066,4.07401477,4.07401477,8.12696051,90.0,90.0,90.0
296,mp-28067,4.12057337,4.12057337,9.53178002,90.0,90.0,90.0
297,mp-28069,5.7561746099999995,5.7561746099999995,5.7561746099999995,90.0,90.0,90.0
298,mp-28145,9.935658042477435,9.935658042477435,9.935658042477435,90.0,90.0,90.0
299,mp-28166,5.19026401,5.19026401,5.19026401,90.0,90.0,90.0
300,mp-28171,5.294230149999999,5.294230149999999,5.294230149999999,90.0,90.0,90.0
301,mp-28233,3.6896847357011255,3.6896847357011255,18.22206643385314,90.0,90.0,120.00000000000001
302,mp-28306,3.8714174928081713,3.8714174928081713,6.48342778,90.0,90.0,120.00000000000001
303,mp-28553,3.813155087498449,3.813155087498449,14.5364298,90.0,90.0,120.00000000000001
304,mp-28554,4.396499437035258,4.396499437035258,22.352535001734463,90.0,90.0,119.99999999999999
305,mp-28572,4.13688417574544,4.13688417574544,15.26662995,90.0,90.0,120.00000000000001
306,mp-28602,4.458716539999999,4.458716539999999,4.458716539999999,90.0,90.0,90.0
307,mp-28627,5.1425213134693735,5.1425213134693735,16.499489024321065,90.0,90.0,90.0
308,mp-28650,4.27837794,4.27837794,7.29947473,90.0,90.0,90.0
309,mp-28797,3.840931335792388,3.840931335792388,3.91554956,90.0,90.0,120.00000000000001
310,mp-28872,6.187149537530214,6.187149537530214,8.046314704891248,90.0,90.0,120.00000000000001
311,mp-28873,6.487495564417428,6.487495564417428,8.212267920271843,90.0,90.0,120.00000000000001
312,mp-29138,7.76354793,7.76354793,3.6917726,90.0,90.0,90.0
313,mp-29241,4.82648645,4.82648645,4.82648645,90.0,90.0,90.0
314,mp-29529,3.902264619232145,3.902264619232145,11.60116774,90.0,90.0,120.00000000000001
315,mp-30031,4.528965534996328,4.528965534996328,7.20982996,90.0,90.0,119.99999999999999
316,mp-30034,3.8574693345582394,3.8574693345582394,6.40192218,90.0,90.0,120.00000000000001
317,mp-30247,5.443761582791178,3.1364833403674,4.613085206388167,90.0,90.16632192917933,90.0
318,mp-30250,3.5049299066714723,3.5049299066714723,12.392503080000001,90.0,90.0,120.00000000000001
319,mp-30315,3.55636632,3.55636632,8.12197555,90.0,90.0,90.0
320,mp-30373,4.1045935,4.1045935,4.1045935,90.0,90.0,90.0
321,mp-30530,7.530739994573287,7.530739994573287,7.530739994573287,90.0,90.0,90.0
322,mp-30847,6.192660662974627,6.192660662974627,6.192660662974627,90.0,90.0,90.0
323,mp-3056,3.3685574822914273,3.3685574822914273,16.36677463147105,90.0,90.0,120.00000000000001
324,mp-3104,4.18039391,4.18039391,8.43381836,90.0,90.0,90.0
325,mp-3159,5.804804229696501,5.804804229696501,10.815453187868458,90.0,90.0,90.0
326,mp-3216,3.2783064705131713,3.2783064705131713,5.43381109,90.0,90.0,119.99999999999999
327,mp-3236,4.007890444631411,4.007890444631411,6.87975311,90.0,90.0,119.99999999999999
328,mp-3277,4.4918701635731395,4.4918701635731395,6.811858207054299,90.0,90.0,90.0
329,mp-3332,3.757760781135729,3.757760781135729,20.29866218527898,90.0,90.0,119.99999999999999
330,mp-3524,4.523835365493665,4.523835365493665,7.21155665623864,90.0,90.0,90.0
331,mp-3556,3.713912299927428,3.713912299927428,6.49250428,90.0,90.0,120.00000000000001
332,mp-3613,3.9300998660090323,3.9300998660090323,19.764661099608315,90.0,90.0,120.00000000000001
333,mp-3614,3.99488137,3.99488137,3.99488137,90.0,90.0,90.0
334,mp-3637,3.7957054345823833,3.7957054345823833,18.889894392767847,90.0,90.0,120.00000000000001
335,mp-3744,2.9750813216821745,2.9750813216821745,11.51547288,90.0,90.0,119.99999999999999
336,mp-3748,2.842032696097164,2.842032696097164,16.9434736760724,90.0,90.0,119.99999999999999
337,mp-3808,4.327535827598024,4.327535827598024,13.245742374373453,90.0,90.0,90.0
338,mp-3810,4.874283114676318,4.874283114676318,5.04585867,90.0,90.0,120.00000000000001
339,mp-3834,4.21238715,4.21238715,4.21238715,90.0,90.0,90.0
340,mp-3915,4.160198275340768,4.160198275340768,19.508546744317712,90.0,90.0,119.99999999999999
341,mp-3924,2.92178473863483,2.92178473863483,10.45103486,90.0,90.0,120.00000000000001
342,mp-3927,4.412599635527419,4.412599635527419,7.98044314,90.0,90.0,119.99999999999999
343,mp-3980,5.011860444888854,5.011860444888854,13.52283820427933,90.0,90.0,120.00000000000001
344,mp-3992,3.98126766,3.98126766,6.9619110200000005,90.0,90.0,90.0
345,mp-31166,4.012314027525279,4.012314027525279,22.483435274581506,90.0,90.0,119.99999999999999
346,mp-31451,6.188086214713498,6.188086214713498,6.188086214713498,90.0,90.0,90.0
347,mp-31454,6.158502656984395,6.158502656984395,6.158502656984395,90.0,90.0,90.0
348,mp-33723,4.309625150641084,4.309625150641084,6.80777322,90.0,90.0,120.00000000000001
349,mp-34337,3.8085959300000005,3.8085959300000005,3.8085959300000005,90.0,90.0,90.0
350,mp-34857,7.008438505255795,5.743129586081724,4.0603803431538985,90.0,118.0025526772003,90.0
351,mp-34932,3.5280814324733254,3.5280814324733254,5.678068218281358,90.0,90.0,90.0
352,mp-35152,5.33673458537532,5.33673458537532,7.7565849299990015,90.0,90.0,90.0
353,mp-35171,9.64111,5.317984,5.510522987768221,90.0,123.02756518321148,90.0
354,mp-36111,5.977452437033649,5.977452437033649,5.977452437033649,90.0,90.0,90.0
355,mp-36526,5.947453499538033,5.947453499538033,5.947453499538033,90.0,90.0,90.0
356,mp-37153,8.3116070522449,8.3116070522449,8.3116070522449,90.0,90.0,90.0
357,mp-37906,4.957088713079906,4.957088713079906,4.957088713079906,90.0,90.0,90.0
358,mp-4026,3.6502725103500553,3.6502725103500553,21.250704230079357,90.0,90.0,120.00000000000001
359,mp-4043,5.66526997,5.66526997,5.66526997,90.0,90.0,90.0
360,mp-4081,5.66757839,5.66757839,5.66757839,90.0,90.0,90.0
361,mp-4124,3.693055649529556,3.693055649529556,14.8163241108812,90.0,90.0,120.00000000000001
362,mp-4226,3.494303304593392,3.494303304593392,5.97137878,90.0,90.0,119.99999999999999
363,mp-4495,4.83709739,4.83709739,7.7010359,90.0,90.0,90.0
364,mp-4519,3.659294705926002,3.659294705926002,18.707617143670596,90.0,90.0,120.00000000000001
365,mp-4524,5.44247719526815,5.44247719526815,10.72953379016804,90.0,90.0,90.0
366,mp-4555,4.848555640614101,4.848555640614101,5.10058609,90.0,90.0,119.99999999999999
367,mp-4586,6.376605085897262,6.376605085897262,11.846756262533205,90.0,90.0,90.0
368,mp-4763,5.3734064728920945,5.3734064728920945,10.460061263583198,90.0,90.0,90.0
369,mp-4764,4.040834730090051,4.040834730090051,7.09884034,90.0,90.0,120.00000000000001
370,mp-4805,3.8549060835972426,3.8549060835972426,6.66746081,90.0,90.0,120.00000000000001
371,mp-4886,3.743035890843022,3.743035890843022,17.017782639713786,90.0,90.0,120.00000000000001
372,mp-4887,3.6803611605666333,3.6803611605666333,12.677597,90.0,90.0,120.00000000000001
373,mp-4961,3.380091645036754,3.380091645036754,13.344403586185654,90.0,90.0,90.0
374,mp-5020,5.696512242872505,5.696512242872505,7.006680998016194,90.0,90.0,119.99999999999999
375,mp-5077,6.795646654774678,6.795646654774678,6.795646654774678,90.0,90.0,90.0
376,mp-5175,3.245754100458076,3.245754100458076,16.278379742648077,90.0,90.0,119.99999999999999
377,mp-5273,4.653260668909595,4.653260668909595,24.558539300209418,90.0,90.0,120.00000000000001
378,mp-5394,4.04866893,4.04866893,6.9627810199999995,90.0,90.0,90.0
379,mp-5459,4.060113040386236,4.060113040386236,12.922663049298585,90.0,90.0,90.0
380,mp-5475,3.1246283752831827,3.1246283752831827,16.895790765431105,90.0,90.0,120.00000000000001
381,mp-5488,4.33204656,4.33204656,9.284801999999997,90.0,90.0,90.0
382,mp-5513,7.585991511383335,7.585991511383335,7.585991511383335,90.0,90.0,90.0
383,mp-5598,3.9031168376190335,3.9031168376190335,6.73354595,90.0,90.0,120.00000000000001
384,mp-5621,5.481253390000002,5.481253390000002,5.481253390000002,90.0,90.0,90.0
385,mp-5693,3.5732435024177183,3.5732435024177183,19.323996606753752,90.0,90.0,120.00000000000001
386,mp-5694,3.9455928805374576,3.9455928805374576,19.83584919,90.0,90.0,120.00000000000001
387,mp-5760,3.94220416,3.94220416,6.9293486,90.0,90.0,90.0
388,mp-5782,5.702493798080077,5.702493798080077,10.42079127095814,90.0,90.0,90.0
389,mp-5840,4.1897765,4.1897765,9.25297982,90.0,90.0,90.0
390,mp-5860,3.9055675294188887,3.9055675294188887,14.001863599284395,90.0,90.0,90.0
391,mp-5878,4.04741679,4.04741679,4.04741679,90.0,90.0,90.0
392,mp-5928,5.5897148331629,5.5897148331629,10.172142222730873,90.0,90.0,90.0
393,mp-5955,8.269211348815512,8.269211348815512,8.269211348815512,90.0,90.0,90.0
394,mp-5967,5.856694968174344,5.856694968174344,5.856694968174344,90.0,90.0,90.0
395,mp-6574,3.6911239339575816,3.6911239339575816,8.160044,90.0,90.0,119.99999999999999
396,mp-6867,5.16420276013268,5.16420276013268,4.507312,90.0,90.0,119.99999999999999
397,mp-6949,5.204282365849269,5.204282365849269,14.72251840346096,90.0,90.0,120.00000000000001
398,mp-6951,4.42498073,4.42498073,4.42498073,90.0,90.0,90.0
399,mp-6964,4.607097796047578,4.607097796047578,10.315548296577154,90.0,90.0,90.0
400,mp-6978,3.4557791234409887,3.4557791234409887,19.516477953594077,90.0,90.0,120.00000000000001
401,mp-6980,3.7379390256931924,3.7379390256931924,5.99504719,90.0,90.0,120.00000000000001
402,mp-7041,3.5889344719284155,3.5889344719284155,18.783670289953964,90.0,90.0,120.00000000000001
403,mp-7046,4.059090842996397,4.059090842996397,22.957688686076207,90.0,90.0,119.99999999999999
404,mp-7060,4.045602,4.045602,8.958775,90.0,90.0,90.0
405,mp-7077,6.313643512264245,7.872171266671454,6.6852625,90.0,90.0,90.0
406,mp-7100,4.06924407,4.06924407,5.81392154,90.0,90.0,90.0
407,mp-7113,3.541241720078718,3.541241720078718,21.32409929126661,90.0,90.0,120.00000000000001
408,mp-7128,4.853158773644379,4.853158773644379,4.89477796,90.0,90.0,120.00000000000001
409,mp-7173,6.35823467125591,6.35823467125591,6.35823467125591,90.0,90.0,90.0
410,mp-7233,4.087297832675909,4.087297832675909,7.16384495,90.0,90.0,120.00000000000001
411,mp-7375,5.719298851832022,5.719298851832022,7.034617799674489,90.0,90.0,119.99999999999999
412,mp-7436,4.4392195151902065,4.4392195151902065,10.05900949,90.0,90.0,120.00000000000001
413,mp-7437,4.063758328821727,4.063758328821727,10.1455352,90.0,90.0,119.99999999999999
414,mp-7439,5.658119561005387,5.658119561005387,19.98612960033961,90.0,90.0,119.99999999999999
415,mp-7472,4.661739708455387,12.291815425932187,6.04778681,90.0,90.0,90.0
416,mp-7476,3.477229253665407,3.477229253665407,19.529432770737085,90.0,90.0,120.00000000000001
417,mp-7477,3.4333866162863087,3.4333866162863087,19.487236246605633,90.0,90.0,119.99999999999999
418,mp-7478,3.413338976353101,3.413338976353101,19.45572679790374,90.0,90.0,120.00000000000001
419,mp-7480,3.376969158757458,3.376969158757458,19.42293686383216,90.0,90.0,119.99999999999999
420,mp-7482,4.54921913,4.54921913,4.54921913,90.0,90.0,90.0
421,mp-7483,4.52986409244832,4.52986409244832,4.52986409244832,90.0,90.0,90.0
422,mp-7523,4.105755686259103,4.105755686259103,13.176205547441127,90.0,90.0,90.0
423,mp-7569,7.337638122141424,7.337638122141424,7.129751833988707,90.0,90.0,120.00000000000001
424,mp-7575,4.864794373012698,4.864794373012698,4.864794373012698,90.0,90.0,90.0
425,mp-7608,2.99161912,3.7233540400000003,9.21584058,90.0,90.0,90.0
426,mp-7611,5.159096,5.159096,6.830424,90.0,90.0,90.0
427,mp-7650,3.257573900607725,3.257573900607725,12.8030981,90.0,90.0,119.99999999999999
428,mp-7738,4.220763991051719,4.220763991051719,8.22761741,90.0,90.0,119.99999999999999
429,mp-7768,4.040422289686903,4.040422289686903,7.18960449,90.0,90.0,119.99999999999999
430,mp-7769,4.018100426768371,4.018100426768371,6.95317168,90.0,90.0,119.99999999999999
431,mp-7801,5.432632048648662,5.432632048648662,7.157884792966311,90.0,90.0,90.0
432,mp-7849,5.078091656566135,5.078091656566135,7.5281597804460025,90.0,90.0,90.0
433,mp-7863,6.116072005758475,6.116072005758475,15.095677810604517,90.0,90.0,119.99999999999999
434,mp-7895,4.186799731086583,5.976776745704844,7.076612094465815,90.0,90.0,90.0
435,mp-7896,4.33370958994754,6.4373674474236795,7.55766327013292,90.0,90.0,90.0
436,mp-7906,5.575833556859672,5.575833556859672,10.245984130080151,90.0,90.0,90.0
437,mp-7914,3.1625814166058586,3.1625814166058586,16.167917775054764,90.0,90.0,119.99999999999999
438,mp-7921,4.931299724025061,4.931299724025061,13.529971815741508,90.0,90.0,120.00000000000001
439,mp-7928,3.6186655897013416,7.098178932701671,9.412076785098769,90.0,90.0,90.0
440,mp-7929,3.649726006860059,7.314518603315928,9.8947894216789,90.0,90.0,90.0
441,mp-7936,3.379511532247833,3.379511532247833,12.88272117,90.0,90.0,120.00000000000001
442,mp-7937,3.426692771606144,3.426692771606144,14.15652617,90.0,90.0,120.00000000000001
443,mp-7939,3.5745049706748264,3.5745049706748264,14.80995926,90.0,90.0,120.00000000000001
444,mp-7950,4.03862619,4.03862619,7.07161869,90.0,90.0,90.0
445,mp-7958,3.714999981146087,3.714999981146087,18.60610088209639,90.0,90.0,119.99999999999999
446,mp-7959,3.4083938692741373,3.4083938692741373,18.52192202936645,90.0,90.0,120.00000000000001
447,mp-7972,3.7331845257849654,3.7331845257849654,19.602082796982163,90.0,90.0,120.00000000000001
448,mp-7973,3.643908003784008,3.643908003784008,19.666961709207744,90.0,90.0,120.00000000000001
449,mp-7976,3.5427308168687297,3.5427308168687297,19.559266622126994,90.0,90.0,119.99999999999999
450,mp-7977,3.6264632313694776,3.6264632313694776,13.74930084,90.0,90.0,120.00000000000001
451,mp-7979,5.692030111272928,5.692030111272928,4.60172173,90.0,90.0,120.00000000000001
452,mp-7988,4.197928893645642,4.197928893645642,20.09399423504375,90.0,90.0,120.00000000000001
453,mp-8016,5.586895595237361,5.586895595237361,11.057294715261243,90.0,90.0,90.0
454,mp-8017,6.034586522527073,6.034586522527073,12.011829386038276,90.0,90.0,90.0
455,mp-8041,7.777320933490631,7.777320933490631,7.777320933490631,90.0,90.0,90.0
456,mp-8128,4.74060428402085,4.74060428402085,10.973728983042959,90.0,90.0,90.0
457,mp-8136,3.97421556,3.97421556,6.77586343,90.0,90.0,90.0
458,mp-8152,4.262679929845107,4.262679929845107,6.8298997,90.0,90.0,120.00000000000001
459,mp-8175,3.4535242973327644,3.4535242973327644,18.306719996473184,90.0,90.0,120.00000000000001
460,mp-8176,3.48784157923181,3.48784157923181,19.203962748926696,90.0,90.0,120.00000000000001
461,mp-8177,5.556361843949142,5.556361843949142,5.556361843949142,90.0,90.0,90.0
462,mp-8181,3.5735077550689733,3.5735077550689733,5.43007881,90.0,90.0,120.00000000000001
463,mp-8188,3.2212256938291337,3.2212256938291337,18.323436935919094,90.0,90.0,119.99999999999999
464,mp-8226,4.008795930883139,4.008795930883139,20.300737860803384,90.0,90.0,119.99999999999999
465,mp-8255,5.1919305248511,5.1919305248511,14.903034106222874,90.0,90.0,120.00000000000001
466,mp-8256,4.956223896552941,4.956223896552941,13.765944681960754,90.0,90.0,120.00000000000001
467,mp-8260,4.020110533482038,4.020110533482038,19.816624598588835,90.0,90.0,120.00000000000001
468,mp-8276,4.081281343079267,4.081281343079267,7.09682644,90.0,90.0,119.99999999999999
469,mp-8277,4.359522220957518,4.359522220957518,7.31153407,90.0,90.0,120.00000000000001
470,mp-8278,4.374277007884123,4.374277007884123,7.62668553,90.0,90.0,119.99999999999999
471,mp-8279,4.437200700112347,4.437200700112347,7.6148527900000005,90.0,90.0,119.99999999999999
472,mp-8280,4.492983555272889,4.492983555272889,7.77005598,90.0,90.0,119.99999999999999
473,mp-8289,8.697951889614073,8.697951889614073,8.697951889614073,90.0,90.0,90.0
474,mp-8291,7.409294745509793,7.409294745509793,7.243374630764433,90.0,90.0,120.00000000000001
475,mp-8298,4.814255657166646,4.814255657166646,15.995377817463117,90.0,90.0,90.0
476,mp-8299,4.857748803716024,4.857748803716024,16.348874162305346,90.0,90.0,90.0
477,mp-8301,3.719749954792479,3.719749954792479,6.43999874,90.0,90.0,120.00000000000001
478,mp-8348,7.691566867726074,7.691566867726074,7.709062465957791,90.0,90.0,120.00000000000001
479,mp-8393,9.668525231747664,9.668525231747664,7.524514919878448,90.0,90.0,120.00000000000001
480,mp-8399,4.4868106800000005,4.4868106800000005,4.4868106800000005,90.0,90.0,90.0
481,mp-8407,4.227570234996691,4.227570234996691,6.88330997,90.0,90.0,120.00000000000001
482,mp-8409,3.4564958304595095,3.4564958304595095,18.582286919784195,90.0,90.0,120.00000000000001
483,mp-8430,4.31172379,4.31172379,6.9418714999999995,90.0,90.0,90.0
484,mp-8452,4.00926097,4.00926097,6.47945416,90.0,90.0,90.0
485,mp-8470,4.769976972647107,4.769976972647107,11.140240967368758,90.0,90.0,90.0
486,mp-8579,4.3956527736625155,4.3956527736625155,7.26815684,90.0,90.0,120.00000000000001
487,mp-8584,4.0815849450739785,4.0815849450739785,20.761747754563217,90.0,90.0,119.99999999999999
488,mp-8621,3.7690503513755385,7.38322861819781,9.718584953452897,90.0,90.0,90.0
489,mp-8622,3.7958763498015653,7.619263505433866,10.20088095925044,90.0,90.0,90.0
490,mp-8658,4.9949251,4.9949251,8.1072423,90.0,90.0,90.0
491,mp-8751,4.41180301,4.41180301,7.26324285,90.0,90.0,90.0
492,mp-8756,4.50147408,4.50147408,7.20714494,90.0,90.0,90.0
493,mp-8818,3.579630731830518,3.579630731830518,12.552653628812164,90.0,90.0,90.0
494,mp-8830,3.1173379381712683,3.1173379381712683,15.275066728828227,90.0,90.0,119.99999999999999
495,mp-8873,4.561494,4.561494,6.99065,90.0,90.0,90.0
496,mp-8922,5.263299531517678,5.263299531517678,4.8221408,90.0,90.0,120.00000000000001
497,mp-8963,4.651847420765739,4.651847420765739,14.49661146151471,90.0,90.0,90.0
498,mp-9006,3.6319861845552746,3.6319861845552746,6.26982569,90.0,90.0,120.00000000000001
499,mp-9035,3.8754610815211166,3.8754610815211166,19.79132655,90.0,90.0,120.00000000000001
500,mp-9036,4.571723449702863,4.571723449702863,24.521902073864553,90.0,90.0,119.99999999999999
501,mp-9076,3.9109835231248073,3.9109835231248073,19.795267814787344,90.0,90.0,120.00000000000001
502,mp-9082,4.172887316821706,4.172887316821706,24.31480524379117,90.0,90.0,120.00000000000001
503,mp-9084,4.134965697224747,4.134965697224747,24.211601092989294,90.0,90.0,120.00000000000001
504,mp-9124,5.904923725400157,5.904923725400157,5.904923725400157,90.0,90.0,90.0
505,mp-9125,5.257915544365719,5.257915544365719,5.02144323,90.0,90.0,120.00000000000001
506,mp-9126,5.291663207155271,5.291663207155271,5.38664006,90.0,90.0,120.00000000000001
507,mp-9127,5.32814760746502,5.32814760746502,5.81558169,90.0,90.0,120.00000000000001
508,mp-9166,3.2600891591127903,3.2600891591127903,14.147028540108755,90.0,90.0,119.99999999999999
509,mp-9195,4.263533,4.263533,9.246547,90.0,90.0,90.0
510,mp-9200,5.22438571,5.22438571,5.22438571,90.0,90.0,90.0
511,mp-9244,2.7378283032087447,2.7378283032087447,6.97399677,90.0,90.0,120.00000000000001
512,mp-9250,4.60204775,4.60204775,7.50977297,90.0,90.0,90.0
513,mp-9262,8.98590295986331,8.98590295986331,8.98590295986331,90.0,90.0,90.0
514,mp-9263,4.454602998756176,4.454602998756176,24.48065650338662,90.0,90.0,119.99999999999999
515,mp-9295,5.95981266,5.95981266,5.95981266,90.0,90.0,90.0
516,mp-9306,3.8591551526387557,3.8591551526387557,12.806557819802462,90.0,90.0,90.0
517,mp-9307,4.196748674773235,4.196748674773235,12.98374003784539,90.0,90.0,90.0
518,mp-9321,4.947177871579435,4.947177871579435,15.853010885369242,90.0,90.0,90.0
519,mp-9361,4.313496055084618,4.313496055084618,22.97714164377258,90.0,90.0,119.99999999999999
520,mp-9362,4.249940644456817,4.249940644456817,23.057658547145376,90.0,90.0,119.99999999999999
521,mp-9363,4.216751312247566,4.216751312247566,23.027030299605876,90.0,90.0,119.99999999999999
522,mp-9365,4.080039225430496,4.080039225430496,22.967554764114958,90.0,90.0,119.99999999999999
523,mp-9366,4.039554085036224,4.039554085036224,22.944837856657568,90.0,90.0,119.99999999999999
524,mp-9367,4.019733969804928,4.019733969804928,22.928356698052692,90.0,90.0,119.99999999999999
525,mp-9368,4.001717706350544,4.001717706350544,22.919462553765847,90.0,90.0,119.99999999999999
526,mp-9370,3.9671027315775125,3.9671027315775125,22.88982880448147,90.0,90.0,120.00000000000001
527,mp-9437,5.941343040165678,5.941343040165678,5.941343040165678,90.0,90.0,90.0
528,mp-9488,3.8992245800060643,3.8992245800060643,19.410831489681875,90.0,90.0,120.00000000000001
529,mp-9497,3.9628999685384443,3.9628999685384443,8.408912,90.0,90.0,120.00000000000001
530,mp-9498,3.9229496901567575,3.9229496901567575,8.369586,90.0,90.0,120.00000000000001
531,mp-9499,3.8557715642153902,3.8557715642153902,8.308202,90.0,90.0,120.00000000000001
532,mp-9517,3.8876311,3.8876311,7.71043072,90.0,90.0,90.0
533,mp-9518,4.002283536222638,4.002283536222638,31.222889040542963,90.0,90.0,119.99999999999999
534,mp-9562,3.73657199,3.73657199,6.16510828,90.0,90.0,90.0
535,mp-9564,4.354346239332193,4.354346239332193,7.11395737,90.0,90.0,119.99999999999999
536,mp-9565,4.668702966660666,4.668702966660666,7.55267646,90.0,90.0,119.99999999999999
537,mp-9566,4.728552197557243,4.728552197557243,7.84881873,90.0,90.0,120.00000000000001
538,mp-9567,4.798539425659251,4.798539425659251,8.20590387,90.0,90.0,120.00000000000001
539,mp-9569,4.015433515824463,4.015433515824463,6.81288469,90.0,90.0,119.99999999999999
540,mp-9570,4.29230685198745,4.29230685198745,7.05544856,90.0,90.0,119.99999999999999
541,mp-9573,3.8181499235205165,3.8181499235205165,8.84438782,90.0,90.0,120.00000000000001
542,mp-9583,4.044590090666566,4.044590090666566,13.039290894151282,90.0,90.0,90.0
543,mp-9610,3.6360138434241547,3.6360138434241547,8.704401826323299,90.0,90.0,90.0
544,mp-9631,2.877864693569708,2.877864693569708,12.24930776,90.0,90.0,119.99999999999999
545,mp-9813,3.184866510777023,3.184866510777023,19.469401733805515,90.0,90.0,120.00000000000001
546,mp-9821,7.549126683316475,7.549126683316475,7.629588796224952,90.0,90.0,119.99999999999999
547,mp-9912,4.154209455584193,4.154209455584193,6.64447003,90.0,90.0,119.99999999999999
548,mp-9915,3.60554335,3.60554335,5.99069175,90.0,90.0,90.0
549,mp-1001604,3.9199331974683718,3.9199331974683718,22.504731060000047,90.0,90.0,120.00000000000001
550,mp-1001780,3.8299524186943636,3.8299524186943636,6.065805510132319,90.0,90.0,120.00000000000001
551,mp-1001786,3.6908848201747424,3.6908848201747424,18.14665740000014,90.0,90.0,120.00000000000001
552,mp-1006885,4.189307228440187,4.189307228440187,21.989567580000095,90.0,90.0,120.00000000000001
553,mp-1006888,4.044677069628012,4.044677069628012,21.940517190000026,90.0,90.0,119.99999999999999
554,mp-1006891,4.283605960429323,4.283605960429323,22.867915950000114,90.0,90.0,120.00000000000001
555,mp-1007636,3.9432930034949796,3.9432930034949796,21.892134780000045,90.0,90.0,120.00000000000001
556,mp-1007663,4.432320326402243,4.432320326402243,24.403184350000107,90.0,90.0,120.00000000000001
557,mp-1007908,4.441852276256357,4.441852276256357,24.446672190000044,90.0,90.0,119.99999999999999
558,mp-1008394,4.0268581,6.62215116,8.4513601,90.0,90.0,90.0
559,mp-1008492,4.927516,7.877746,7.810701,90.0,90.0,90.0
560,mp-1008506,4.277147807570198,4.277147807570198,5.2846988,90.0,90.0,119.99999999999999
561,mp-1008561,4.405909462826838,4.405909462826838,24.377232390000174,90.0,90.0,119.99999999999999
562,mp-1009084,5.6113687,5.6113687,11.313100020000089,90.0,90.0,90.0
563,mp-1009085,5.11196259,5.11196259,10.191938380000101,90.0,90.0,90.0
564,mp-1009087,5.33761396,5.33761396,10.644846240000094,90.0,90.0,90.0
565,mp-1011695,5.977892778259365,5.977892778259365,14.614205090000954,90.0,90.0,119.99999999999999
566,mp-1013527,5.18224573,5.18224573,10.40208988,90.0,90.0,90.0
567,mp-1013548,4.86018189,4.86018189,4.86018189,90.0,90.0,90.0
568,mp-1013550,5.382443769999999,5.382443769999999,5.382443769999999,90.0,90.0,90.0
569,mp-1014244,3.281255276473114,3.281255276473114,5.28227338,90.0,90.0,120.00000000000001
570,mp-1014251,3.2393364722889224,3.2393364722889224,5.27934611,90.0,90.0,119.99999999999999
571,mp-1017508,4.374986306199004,4.374986306199004,24.398101650000086,90.0,90.0,119.99999999999999
572,mp-1017628,3.6463541592403947,3.6463541592403947,6.208677881812383,90.0,90.0,120.00000000000001
573,mp-1018025,3.3736042839893674,3.3736042839893674,18.589892850000112,90.0,90.0,120.00000000000001
574,mp-1018031,3.3165671287990266,3.3165671287990266,18.337967505429912,90.0,90.0,120.00000000000001
575,mp-1018138,4.1163681389902536,4.1163681389902536,7.11923527009855,90.0,90.0,119.99999999999999
576,mp-1018736,4.5766098,4.5766098,7.91696195,90.0,90.0,90.0
577,mp-1018737,4.44860499,4.44860499,7.54192427,90.0,90.0,90.0
578,mp-1018766,4.344187931460059,4.344187931460059,7.042614200092144,90.0,90.0,119.99999999999999
579,mp-1019089,4.55263303,4.55263303,7.73356801,90.0,90.0,90.0
580,mp-1025029,4.053072953486575,4.053072953486575,8.04043046,90.0,90.0,119.99999999999999
581,mp-1025227,4.98979046,4.98979046,16.210387760000064,90.0,90.0,90.0
582,mp-1025250,6.29226,6.29226,6.29226,90.0,90.0,90.0
583,mp-1025286,4.12281303,4.12281303,13.682537920000295,90.0,90.0,90.0
584,mp-1025396,7.957506679999999,7.957506679999999,7.957506679999999,90.0,90.0,90.0
585,mp-1025549,7.83873682,7.83873682,7.83873682,90.0,90.0,90.0
586,mp-1029258,3.446247358368104,3.446247358368104,5.990279020002931,90.0,90.0,120.00000000000001
587,mp-1029312,5.781297041382168,5.781297041382168,8.199177455566605,90.0,90.0,90.0
588,mp-1029330,3.601783156116274,3.601783156116274,6.614641540005123,90.0,90.0,120.00000000000001
589,mp-1029385,3.2583029396098873,3.2583029396098873,5.429090090001192,90.0,90.0,119.99999999999999
590,mp-1029396,4.02121058,4.02121058,8.22138958,90.0,90.0,90.0
591,mp-1057286,6.38250884,6.38250884,6.38250884,90.0,90.0,90.0
592,mp-1065514,4.458432792079935,4.458432792079935,24.39849603677942,90.0,90.0,120.00000000000001
593,mp-1066791,3.9530565286393844,3.9530565286393844,22.494266970000023,90.0,90.0,120.00000000000001
594,mp-1067280,4.1111627445854015,4.1111627445854015,23.202460670196736,90.0,90.0,119.99999999999999
595,mp-1067744,4.175511964158593,4.175511964158593,23.18003202,90.0,90.0,119.99999999999999
596,mp-1068941,3.6132429200000002,7.1381175,9.3855617,90.0,90.0,90.0
597,mp-1069558,3.928640414660586,3.928640414660586,6.98245341,90.0,90.0,120.00000000000001
598,mp-1069706,3.77128991,7.43926082,9.677089450000475,90.0,90.0,90.0
599,mp-1070099,3.989346576723482,3.989346576723482,24.993821799026684,90.0,90.0,120.00000000000001
600,mp-1077553,4.149198186159703,4.149198186159703,26.687465920356413,90.0,90.0,119.99999999999999
601,mp-1078419,7.274003400000001,7.274003400000001,7.274003400000001,90.0,90.0,90.0
602,mp-1078552,6.64985432,6.64985432,6.64985432,90.0,90.0,90.0
603,mp-1078677,7.624555660000001,7.624555660000001,7.624555660000001,90.0,90.0,90.0
604,mp-1078726,4.057412630374864,4.057412630374864,16.10172705,90.0,90.0,120.00000000000001
605,mp-1078746,7.415304499999998,7.415304499999998,7.415304499999998,90.0,90.0,90.0
606,mp-1078990,4.018346544122219,4.018346544122219,16.08424867,90.0,90.0,119.99999999999999
607,mp-1078999,6.419228499639798,6.419228499639798,6.1816378443894004,90.0,90.0,119.99999999999999
608,mp-1079283,6.516000917195697,6.516000917195697,6.291390864569765,90.0,90.0,119.99999999999999
609,mp-1079483,4.937980810153908,4.937980810153908,13.558916920351166,90.0,90.0,120.00000000000001
610,mp-1079627,6.465862718918917,6.465862718918917,6.2291426888366335,90.0,90.0,119.99999999999999
611,mp-1079647,4.412943,4.412943,9.527038,90.0,90.0,90.0
612,mp-1079896,7.19337212,7.19337212,7.19337212,90.0,90.0,90.0
613,mp-1080135,4.153937,4.153937,9.174868,90.0,90.0,90.0
614,mp-1080438,4.39882,4.39882,9.730098,90.0,90.0,90.0
615,mp-1080747,3.240907814287481,3.240907814287481,10.17230395,90.0,90.0,119.99999999999999
616,mp-1080771,5.94494117,5.94494117,5.94494117,90.0,90.0,90.0
617,mp-1080847,4.345318579999999,4.345318579999999,4.345318579999999,90.0,90.0,90.0
618,mp-1086652,4.304429,4.304429,9.419909,90.0,90.0,90.0
619,mp-1087532,3.989211863758989,3.989211863758989,16.05657571,90.0,90.0,120.00000000000001
620,mp-1091384,7.74081924,7.74081924,7.74081924,90.0,90.0,90.0
621,mp-1094088,5.942632899999997,5.942632899999997,5.942632899999997,90.0,90.0,90.0
622,mp-1097065,3.237120953308554,3.237120953308554,5.42359518,90.0,90.0,119.99999999999999
623,mp-1100408,6.16196316,6.16196316,6.16196316,90.0,90.0,90.0
624,mp-1100415,6.29948808,6.29948808,6.29948808,90.0,90.0,90.0
625,mp-1101301,5.1691677705868635,8.94838082,5.073741247036422,90.0,108.83466291529642,90.0
626,mp-1101401,3.6801494518350446,3.6801494518350446,19.697806164196663,90.0,90.0,120.00000000000001
627,mp-1120763,8.60775016,8.60775016,8.60775016,90.0,90.0,90.0
628,mp-1147551,5.107848756326384,5.107848756326384,6.195512,90.0,90.0,120.00000000000001
629,mp-1178133,3.562373450369533,3.562373450369533,18.64131893907216,90.0,90.0,120.00000000000001
630,mp-1178135,3.347485996322061,3.347485996322061,18.483156145098498,90.0,90.0,120.00000000000001
631,mp-1178141,3.4515553238560726,3.4515553238560726,18.60828288248693,90.0,90.0,120.00000000000001
632,mp-1178160,3.8066852,3.8066852,8.76174393,90.0,90.0,90.0
633,mp-1178173,3.893801159999998,3.893801159999998,12.37615084,90.0,90.0,90.0
634,mp-1178355,3.87396588,3.87396588,12.31080472,90.0,90.0,90.0
635,mp-1178449,3.765588503404068,3.765588503404068,13.75283682,90.0,90.0,119.99999999999999
636,mp-1180133,7.226078,7.226078,7.226078,90.0,90.0,90.0
637,mp-1182061,7.845098,7.845098,7.845098,90.0,90.0,90.0
638,mp-1182867,6.34346862,6.64345056,2.82216346,90.0,90.0,90.0
639,mp-1183053,3.94626209,3.94626209,3.94626209,90.0,90.0,90.0
640,mp-1183115,3.8586338700000002,3.8586338700000002,3.8586338700000002,90.0,90.0,90.0
641,mp-1183920,4.42986213,4.42986213,4.42986213,90.0,90.0,90.0
642,mp-1185537,9.01139554,9.01139554,9.01139554,90.0,90.0,90.0
643,mp-1185959,6.890758372777457,3.9105414099458464,5.096060408957439,90.0,116.43356047694529,90.0
644,mp-1205754,5.889785640133786,5.889785640133786,3.70174849,90.0,90.0,120.00000000000001
645,mp-1205761,10.31313332,10.31313332,10.31313332,90.0,90.0,90.0
646,mp-1205964,6.992155100000001,6.992155100000001,6.992155100000001,90.0,90.0,90.0
647,mp-1205991,3.988896999999999,3.988896999999999,9.333185,90.0,90.0,90.0
648,mp-1205992,8.1784542,8.1784542,8.1784542,90.0,90.0,90.0
649,mp-1206098,8.22839546,8.22839546,8.22839546,90.0,90.0,90.0
650,mp-1206514,4.206285779999999,4.206285779999999,4.206285779999999,90.0,90.0,90.0
651,mp-1206523,4.2269843,4.2269843,13.79934732,90.0,90.0,90.0
652,mp-1206528,4.33283634,4.33283634,14.63722826,90.0,90.0,90.0
653,mp-1206568,10.31617406,10.31617406,10.31617406,90.0,90.0,90.0
654,mp-1206742,3.7870595258456206,3.7870595258456206,3.86728588,90.0,90.0,120.00000000000001
655,mp-1206803,3.8781929713460928,3.8781929713460928,11.06945342,90.0,90.0,119.99999999999999
656,mp-1206825,3.716079718031408,3.716079718031408,6.64683631,90.0,90.0,119.99999999999999
657,mp-1206843,3.7333424200423173,3.7333424200423173,3.82337706,90.0,90.0,119.99999999999999
658,mp-1206881,3.3486133783706427,3.3486133783706427,12.88805856,90.0,90.0,120.00000000000001
659,mp-1207080,3.8510133634044723,3.8510133634044723,3.92038104,90.0,90.0,119.99999999999999
660,mp-1207082,6.62367198,6.62367198,6.62367198,90.0,90.0,90.0
661,mp-1207092,3.8865183470648543,3.8865183470648543,3.95069284,90.0,90.0,119.99999999999999
662,mp-1207095,3.499678356973877,3.499678356973877,17.21197971357209,90.0,90.0,119.99999999999999
663,mp-1207108,4.3823160143664905,4.3823160143664905,5.250054,90.0,90.0,119.99999999999999
664,mp-1207186,3.8268599555144114,3.8268599555144114,3.90631106,90.0,90.0,120.00000000000001
665,mp-1207192,4.012117913139365,4.012117913139365,7.99801969,90.0,90.0,119.99999999999999
666,mp-1207196,7.229642600000001,7.229642600000001,7.229642600000001,90.0,90.0,90.0
667,mp-1208162,5.825515017043676,5.825515017043676,4.7974345,90.0,90.0,120.00000000000001
668,mp-1209302,10.013643606666667,10.013643606666667,10.013643606666667,90.0,90.0,90.0
669,mp-1216536,3.76438059,3.76438059,5.29860992,90.0,90.0,90.0
670,mp-1216588,5.272820787207634,5.272820787207634,15.035242899455303,90.0,90.0,120.00000000000001
671,mp-1217120,4.209072084202882,4.209072084202882,20.402701336846967,90.0,90.0,120.00000000000001
672,mp-1217269,8.087925838012335,4.37132384,5.285795779891439,90.0,91.5878696953824,90.0
673,mp-1217271,4.037171557073715,4.037171557073715,6.864159,90.0,90.0,119.99999999999999
674,mp-1217281,4.059042444246796,4.059042444246796,7.008589,90.0,90.0,119.99999999999999
675,mp-1217996,7.971498152884625,7.971498152884625,9.917187407456057,90.0,90.0,120.00000000000001
676,mp-1218382,5.03004412,5.03004412,17.65217372,90.0,90.0,90.0
677,mp-1219240,3.71462038,3.71462038,5.17931872,90.0,90.0,90.0
678,mp-1219568,6.385744,6.411616,7.53217,90.0,90.0,90.0
679,mp-1220714,4.217042205464473,4.217042205464473,19.85146753663663,90.0,90.0,119.99999999999999
680,mp-1220879,4.116624459433353,4.116624459433353,21.031527413473373,90.0,90.0,120.00000000000001
681,mp-1220883,4.401092918715644,4.401092918715644,22.687015704876845,90.0,90.0,119.99999999999999
682,mp-1220912,4.156009004061353,4.156009004061353,19.979147681813757,90.0,90.0,120.00000000000001
683,mp-1220967,4.157273225346754,4.157273225346754,7.041954,90.0,90.0,119.99999999999999
684,mp-1221101,4.195551491404389,4.195551491404389,21.14924113626969,90.0,90.0,120.00000000000001
685,mp-1221102,4.481605181090844,4.481605181090844,22.75485533127894,90.0,90.0,120.00000000000001
686,mp-1221125,4.038025313634785,4.038025313634785,20.233535406797834,90.0,90.0,119.99999999999999
687,mp-1221936,4.5426874,4.5426874,6.37987516,90.0,90.0,90.0
688,mp-1222263,3.75260979,3.75260979,5.26901473,90.0,90.0,90.0
689,mp-1222296,3.998964759877118,3.998964759877118,18.515352591702293,90.0,90.0,120.00000000000001
690,mp-1222370,3.9549180716320143,3.9549180716320143,18.506298065584065,90.0,90.0,119.99999999999999
691,mp-1222404,3.9592339539436843,3.9592339539436843,18.87256372656762,90.0,90.0,120.00000000000001
692,mp-1222618,4.1702274625389695,4.1702274625389695,20.497331456359895,90.0,90.0,119.99999999999999
693,mp-1222719,5.29088404115645,5.29088404115645,5.186806,90.0,90.0,120.00000000000001
694,mp-1222782,3.85885424,3.85885424,5.63272586,90.0,90.0,90.0
695,mp-1223443,4.125924958087792,4.125924958087792,22.17960494687824,90.0,90.0,120.00000000000001
696,mp-1223799,3.78086854,3.78086854,5.34025063,90.0,90.0,90.0
697,mp-1223929,5.615708,5.615708,10.170387999999997,90.0,90.0,90.0
698,mp-1223956,4.1582927,5.32696026,13.34807248,90.0,90.0,90.0
699,mp-1224210,5.892196,5.892196,10.786922,90.0,90.0,90.0
700,mp-1224851,5.506401090003024,5.506401090003024,10.8105801,90.0,90.0,90.0
701,mp-1225289,4.18551104,5.34396372,13.45008402,90.0,90.0,90.0
702,mp-1225447,3.7725675,3.7725675,5.31917218,90.0,90.0,90.0
703,mp-1227238,4.036648,4.036648,13.581908,90.0,90.0,90.0
704,mp-1227444,4.009902,4.009902,13.19316,90.0,90.0,90.0
705,mp-1228342,4.16201376,4.16201376,13.611475500000001,90.0,90.0,90.0
706,mp-1228963,6.056212,6.056212,10.812414,90.0,90.0,90.0
707,mp-1232332,5.619312,5.619312,11.110009999999999,90.0,90.0,90.0
708,mp-1245429,4.4604705067487025,4.4604705067487025,9.195157410119526,90.0,90.0,90.0
709,mp-1272139,4.329809837740722,4.329809837740722,6.5599054599999995,90.0,90.0,119.99999999999999
710,mp-1323553,5.0087377560036535,5.0087377560036535,14.012957715979686,90.0,90.0,120.00000000000001
711,mp-1391273,4.849657449689381,4.849657449689381,13.096662434987056,90.0,90.0,120.00000000000001
712,mp-1391800,4.930001411048899,4.930001411048899,13.182554624316499,90.0,90.0,120.00000000000001
713,mp-1397451,5.156333756631773,5.156333756631773,13.812048279668637,90.0,90.0,119.99999999999999
714,mp-1399447,5.216560187877352,5.216560187877352,13.333522691981884,90.0,90.0,120.00000000000001
715,mp-1403065,5.085406930239939,5.085406930239939,13.605753578218257,90.0,90.0,120.00000000000001
716,mp-1409292,4.802945592927053,4.802945592927053,13.071237014131203,90.0,90.0,120.00000000000001
717,mp-505297,6.175680472710913,6.175680472710913,6.175680472710913,90.0,90.0,90.0
718,mp-510625,2.9811529041234266,2.9811529041234266,17.05281261119436,90.0,90.0,119.99999999999999
719,mp-540584,3.1374797546537145,6.043120347315936,8.516067661025238,90.0,90.0,90.0
720,mp-541044,3.5344121292134183,3.5344121292134183,13.66789196,90.0,90.0,120.00000000000001
721,mp-541837,4.191366525881255,4.191366525881255,29.92868720220962,90.0,90.0,119.99999999999999
722,mp-545359,4.390372,4.390372,10.944196,90.0,90.0,90.0
723,mp-545399,4.997436407216504,4.997436407216504,5.308315,90.0,90.0,120.00000000000001
724,mp-545598,6.881459096230008,7.087032217943157,3.52057956,90.0,90.0,90.0
725,mp-545728,4.023883,4.023883,9.806738,90.0,90.0,90.0
726,mp-546082,3.871369,3.871369,9.00831,90.0,90.0,90.0
727,mp-546266,3.945744,3.945744,9.707467,90.0,90.0,90.0
728,mp-546500,3.5566902004837226,3.5566902004837226,15.054437468009544,90.0,90.0,120.00000000000001
729,mp-546552,3.0616764198230917,3.0616764198230917,17.806434429175205,90.0,90.0,120.00000000000001
730,mp-546621,3.898706,3.898706,9.286959,90.0,90.0,90.0
731,mp-546864,3.698989096627155,3.698989096627155,8.16885521,90.0,90.0,120.00000000000001
732,mp-549127,3.888732,3.888732,9.050243,90.0,90.0,90.0
733,mp-549333,4.013028,4.013028,9.758086,90.0,90.0,90.0
734,mp-549709,3.84189573,3.84189573,8.93974821,90.0,90.0,90.0
735,mp-550111,3.958292,3.958292,9.40433,90.0,90.0,90.0
736,mp-550635,3.903233,3.903233,9.695471,90.0,90.0,90.0
737,mp-550820,3.9640682603637054,3.9640682603637054,30.88490019873573,90.0,90.0,120.00000000000001
738,mp-551900,3.993484,3.993484,9.465344,90.0,90.0,90.0
739,mp-552120,3.7945199894939408,3.7945199894939408,28.566528468353017,90.0,90.0,120.00000000000001
740,mp-552604,3.901229,3.901229,9.043417,90.0,90.0,90.0
741,mp-552738,3.921361,3.921361,9.673146,90.0,90.0,90.0
742,mp-552857,3.95449,3.95449,9.737193,90.0,90.0,90.0
743,mp-552992,3.915038,3.915038,9.316221,90.0,90.0,90.0
744,mp-553082,3.972849,3.972849,9.161927,90.0,90.0,90.0
745,mp-553242,3.979225,3.979225,9.399018,90.0,90.0,90.0
746,mp-553243,3.88104827,3.88104827,9.2255835,90.0,90.0,90.0
747,mp-553303,5.109521114554128,5.109521114554128,5.518367164091029,90.0,90.0,119.99999999999999
748,mp-553308,3.681817907811,3.681817907811,13.79336816,90.0,90.0,120.00000000000001
749,mp-554310,4.123046531532323,4.123046531532323,22.221978364825972,90.0,90.0,119.99999999999999
750,mp-555850,3.925752765962027,3.925752765962027,24.56632877111526,90.0,90.0,120.00000000000001
751,mp-555908,4.643519410000112,4.643519410000112,3.19916469,90.0,90.0,90.0
752,mp-556417,8.359146094859796,8.359146094859796,8.359146094859796,90.0,90.0,90.0
753,mp-557257,4.129360336666667,4.129360336666667,4.129360336666667,90.0,90.0,90.0
754,mp-557655,4.067304477697379,4.067304477697379,22.460817308795093,90.0,90.0,119.99999999999999
755,mp-557938,8.102363853905208,8.102363853905208,8.102363853905208,90.0,90.0,90.0
756,mp-558749,4.23247214,4.23247214,4.23247214,90.0,90.0,90.0
757,mp-558928,4.53294056,4.53294056,5.84943294,90.0,90.0,90.0
758,mp-559798,4.632870150006959,4.632870150006959,3.0795406,90.0,90.0,90.0
759,mp-561367,5.3009885450557634,3.0346415467499064,7.047333841333487,90.0,107.36578341623509,90.0
760,mp-561751,4.041662458378783,4.041662458378783,24.165438961128885,90.0,90.0,119.99999999999999
761,mp-561947,4.595449719999999,4.595449719999999,4.595449719999999,90.0,90.0,90.0
762,mp-567290,4.136222531034573,4.136222531034573,5.9225931,90.0,90.0,119.99999999999999
763,mp-567636,5.753840445803216,5.753840445803216,5.753840445803216,90.0,90.0,90.0
764,mp-568346,3.55823524,4.104030670000001,8.90516558,90.0,90.0,90.0
765,mp-568560,6.684083526987348,6.684083526987348,6.684083526987348,90.0,90.0,90.0
766,mp-568588,4.315014606003185,4.315014606003185,23.132754294726283,90.0,90.0,119.99999999999999
767,mp-568968,8.237692,8.237692,7.138506,90.0,90.0,90.0
768,mp-569178,4.147043434316395,4.147043434316395,23.214079470073024,90.0,90.0,120.00000000000001
769,mp-569304,2.4562567946246654,2.4562567946246654,33.19087197728095,90.0,90.0,120.00000000000001
770,mp-569393,4.215559085652317,4.215559085652317,23.175860280276375,90.0,90.0,120.00000000000001
771,mp-569507,4.182593271577808,4.182593271577808,23.177226088272743,90.0,90.0,119.99999999999999
772,mp-569639,6.439101528755188,6.439101528755188,6.439101528755188,90.0,90.0,90.0
773,mp-570097,4.273837813019665,4.273837813019665,23.534046492280257,90.0,90.0,119.99999999999999
774,mp-570117,4.129699048501927,4.129699048501927,23.200928013305454,90.0,90.0,119.99999999999999
775,mp-570485,4.229390707965511,4.229390707965511,4.964784,90.0,90.0,119.99999999999999
776,mp-570935,4.544069301207673,4.544069301207673,7.29169756,90.0,90.0,119.99999999999999
777,mp-571093,4.334227520400492,4.334227520400492,5.262552,90.0,90.0,119.99999999999999
778,mp-571102,7.042062392779568,7.042062392779568,7.042062392779568,90.0,90.0,90.0
779,mp-571222,7.322070118669273,7.322070118669273,7.322070118669273,90.0,90.0,90.0
780,mp-578610,3.233550796070319,3.233550796070319,15.657950429619918,90.0,90.0,119.99999999999999
781,mp-581024,8.624056741696341,8.624056741696341,8.624056741696341,90.0,90.0,90.0
782,mp-605034,8.002589366977142,8.002589366977142,8.002589366977142,90.0,90.0,90.0
783,mp-613910,7.315122782312094,7.315122782312094,6.975401926251443,90.0,90.0,120.00000000000001
784,mp-623024,5.252976672040432,5.252976672040432,14.356109007801116,90.0,90.0,120.00000000000001
785,mp-625150,3.25713702,12.90714114,4.03634474,90.0,90.0,90.0
786,mp-625359,4.37417373444114,3.83274926,6.251208544890936,90.0,107.60854559032947,90.0
787,mp-625509,6.86377480638879,4.991671999133592,4.265772796270595,90.0,112.43663250588558,90.0
788,mp-626151,4.301149066211529,3.63345779,5.961394275295314,90.0,109.01350239193165,90.0
789,mp-626173,4.272631702958795,3.6046166125891195,5.920240121021006,90.0,109.15469563429755,90.0
790,mp-626417,4.425200974766878,8.047120768191801,4.25023165,90.0,90.0,90.0
791,mp-626620,4.1177926,10.788089620000001,4.20268733,90.0,90.0,90.0
792,mp-626785,3.91806938,10.36259366,3.97296462,90.0,90.0,90.0
793,mp-634657,3.9080485140436343,4.45281087,5.912571469459149,90.0,99.63077424658375,90.0
794,mp-642807,3.7712613755105906,3.7712613755105906,31.368082072382848,90.0,90.0,120.00000000000001
795,mp-643002,6.635270699999997,6.635270699999997,6.635270699999997,90.0,90.0,90.0
796,mp-643101,8.52159184,8.52159184,8.52159184,90.0,90.0,90.0
797,mp-643243,8.9723494,8.9723494,8.9723494,90.0,90.0,90.0
798,mp-643260,5.27387412,5.27387412,6.48643392,90.0,90.0,90.0
799,mp-643279,8.1200411,8.1200411,8.1200411,90.0,90.0,90.0
800,mp-643370,5.717818886919488,5.717818886919488,4.538310090017386,90.0,90.0,119.99999999999999
801,mp-644222,3.734935603785559,3.734935603785559,10.419544,90.0,90.0,120.00000000000001
802,mp-665922,3.8480521808727124,3.8480521808727124,19.125475284474728,90.0,90.0,120.00000000000001
803,mp-675349,4.074556841694095,4.074556841694095,6.3884855,90.0,90.0,119.99999999999999
804,mp-676861,6.285973940939151,6.439709731476452,3.01452656,90.0,90.0,90.0
805,mp-677335,4.8987378177899465,4.8987378177899465,7.414960310310909,90.0,90.0,90.0
806,mp-689925,8.85947491077044,8.85947491077044,8.85947491077044,90.0,90.0,90.0
807,mp-690785,7.2586319,7.2586319,7.2586319,90.0,90.0,90.0
808,mp-690794,3.813497687331907,3.813497687331907,18.906782999999994,90.0,90.0,120.00000000000001
809,mp-697030,6.59511244,6.59511244,6.59511244,90.0,90.0,90.0
810,mp-697038,8.06730744,8.06730744,8.06730744,90.0,90.0,90.0
811,mp-697044,8.09241568,8.09241568,8.09241568,90.0,90.0,90.0
812,mp-697096,5.19455004,5.19455004,6.61749774,90.0,90.0,90.0
813,mp-697133,4.60310942,4.60310942,15.507769,90.0,90.0,90.0
814,mp-752658,3.8305997863705876,3.8305997863705876,6.799496200000444,90.0,90.0,119.99999999999999
815,mp-752955,6.5262972,6.5262972,3.94508062,90.0,90.0,90.0
816,mp-753173,3.9071804,3.9071804,9.40566742,90.0,90.0,90.0
817,mp-753287,3.3680642066586204,3.3680642066586204,4.7502443,90.0,90.0,90.0
818,mp-753571,7.535914251561006,7.535914251561006,7.535914251561006,90.0,90.0,90.0
819,mp-753594,3.96824418363011,3.96958714,5.745037591451439,90.0,90.0,90.0
820,mp-753712,3.939309869999999,3.939309869999999,9.48607016,90.0,90.0,90.0
821,mp-753721,3.86074117733137,3.86074117733137,19.259202090000265,90.0,90.0,120.00000000000001
822,mp-753774,3.3852226442093154,3.3852226442093154,18.526143000000133,90.0,90.0,120.00000000000001
823,mp-753781,4.097686723510881,4.097686723510881,4.097686723510881,90.0,90.0,90.0
824,mp-753920,3.755431556640205,3.755431556640205,6.6987023100050305,90.0,90.0,120.00000000000001
825,mp-754027,4.685804606495713,4.685804606495713,10.685114524031414,90.0,90.0,90.0
826,mp-754055,3.494305757805887,3.494305757805887,13.62849359031707,90.0,90.0,119.99999999999999
827,mp-754065,5.297762437520582,5.297762437520582,4.92415045000132,90.0,90.0,120.00000000000001
828,mp-754110,3.6329528397225492,3.6329528397225492,12.40779230083892,90.0,90.0,120.00000000000001
829,mp-754138,3.529457728795642,3.529457728795642,13.667322080385544,90.0,90.0,120.00000000000001
830,mp-754154,3.511468860567293,3.511468860567293,13.656287530239444,90.0,90.0,120.00000000000001
831,mp-754158,3.622150588424085,3.622150588424085,18.699685838796174,90.0,90.0,120.00000000000001
832,mp-754237,4.36002379,4.36002379,10.061824660000887,90.0,90.0,90.0
833,mp-754326,6.358373005765971,2.9870691000000003,6.202943271346366,90.0,119.43362890812124,90.0
834,mp-754363,4.16058973,4.16058973,13.555789580000305,90.0,90.0,90.0
835,mp-754534,4.48346527,9.485576700000053,3.53033169,90.0,90.0,90.0
836,mp-754535,3.816465010436285,3.816465010436285,12.2811925031836,90.0,90.0,120.00000000000001
837,mp-754594,4.837051472439093,4.837051472439093,7.233375810000683,90.0,90.0,90.0
838,mp-754605,4.30961506,4.30961506,9.956031520000101,90.0,90.0,90.0
839,mp-754825,3.332241091594244,3.332241091594244,16.37986716,90.0,90.0,120.00000000000001
840,mp-754883,3.4312080020699804,3.4312080020699804,18.571856744692155,90.0,90.0,120.00000000000001
841,mp-754969,3.76460034,3.76460034,8.51676282,90.0,90.0,90.0
842,mp-755311,3.2940275244782895,3.2940275244782895,16.351809420000034,90.0,90.0,120.00000000000001
843,mp-755340,3.847156414512454,3.847156414512454,6.820991910000889,90.0,90.0,120.00000000000001
844,mp-755586,4.79115407,4.79115407,11.38588138,90.0,90.0,90.0
845,mp-755651,3.591045891321165,3.591045891321165,13.698600181736504,90.0,90.0,120.00000000000001
846,mp-755756,3.92429774,3.92429774,12.45392206,90.0,90.0,90.0
847,mp-757021,3.5196635108819216,3.5196635108819216,18.590471419372406,90.0,90.0,120.00000000000001
848,mp-760375,5.933063909999999,5.933063909999999,5.933063909999999,90.0,90.0,90.0
849,mp-760482,4.183802,7.080236,6.375726,90.0,90.0,90.0
850,mp-760513,3.9495676070227193,5.581442451424291,6.6819561343493135,114.58886799647841,107.12422276483954,90.16021356689936
851,mp-769173,4.000586773727388,4.000586773727388,19.903023223365214,90.0,90.0,119.99999999999999
852,mp-769284,3.8237401841676237,3.8237401841676237,6.788824937188641,90.0,90.0,120.00000000000001
853,mp-772295,3.7144880340669646,3.7144880340669646,28.13391342000007,90.0,90.0,120.00000000000001
854,mp-774907,3.980426,3.980426,13.33576,90.0,90.0,90.0
855,mp-849872,5.641126755421279,5.64097221846221,6.965411087260195,90.0,113.80571645690858,90.0
856,mp-861460,8.10487964,8.10487964,8.10487964,90.0,90.0,90.0
857,mp-861502,3.9535738766675244,3.9535738766675244,3.9535738766675244,90.0,90.0,90.0
858,mp-861605,5.81138138,5.81138138,5.81138138,90.0,90.0,90.0
859,mp-861884,7.9921371400000005,7.9921371400000005,7.9921371400000005,90.0,90.0,90.0
860,mp-861937,8.023248,8.023248,8.023248,90.0,90.0,90.0
861,mp-862631,8.30433284,8.30433284,8.30433284,90.0,90.0,90.0
862,mp-862797,8.30391776,8.30391776,8.30391776,90.0,90.0,90.0
863,mp-862832,4.37641728,4.37641728,4.37641728,90.0,90.0,90.0
864,mp-863251,7.89470326,7.89470326,7.89470326,90.0,90.0,90.0
865,mp-863260,4.416644417874583,4.416644417874583,7.415147650011168,90.0,90.0,119.99999999999999
866,mp-863707,7.87399022,7.87399022,7.87399022,90.0,90.0,90.0
867,mp-863710,8.21316004,8.21316004,8.21316004,90.0,90.0,90.0
868,mp-863745,5.374844480316429,5.374844480316429,4.865272,90.0,90.0,120.00000000000001
869,mp-863749,4.03150368,4.03150368,9.01397468,90.0,90.0,90.0
870,mp-863759,8.8081554,8.8081554,8.8081554,90.0,90.0,90.0
871,mp-863760,8.4539064,8.4539064,8.4539064,90.0,90.0,90.0
872,mp-864755,7.92575288,7.92575288,7.92575288,90.0,90.0,90.0
873,mp-865028,8.14793804,8.14793804,8.14793804,90.0,90.0,90.0
874,mp-865081,8.02953576,8.02953576,8.02953576,90.0,90.0,90.0
875,mp-865120,4.32748724,4.32748724,4.32748724,90.0,90.0,90.0
876,mp-865145,7.854035361823044,7.854035361823044,7.854035361823044,90.0,90.0,90.0
877,mp-865185,3.7849779368158813,3.7849779368158813,6.414493850617873,90.0,90.0,120.00000000000001
878,mp-865427,5.314263457506883,5.314263457506883,4.766392,90.0,90.0,119.99999999999999
879,mp-865500,3.94986172,3.94986172,7.94834719,90.0,90.0,90.0
880,mp-866101,3.944286886666667,3.944286886666667,3.944286886666667,90.0,90.0,90.0
881,mp-866291,6.23979268,6.23979268,6.23979268,90.0,90.0,90.0
882,mp-866311,5.573171262730868,5.573047231156498,9.32608953888007,90.0,90.09177373913641,90.0
883,mp-924129,6.115230209406351,6.115230209406351,6.115230209406351,90.0,90.0,90.0
884,mp-961673,5.8478520277748975,5.8478520277748975,5.8478520277748975,90.0,90.0,90.0
885,mp-961685,6.921518345778773,6.921518345778773,6.921518345778773,90.0,90.0,90.0
886,mp-961693,6.47134664,6.47134664,6.47134664,90.0,90.0,90.0
887,mp-961713,6.380957184692478,6.380957184692478,6.380957184692478,90.0,90.0,90.0
888,mp-971787,3.8235560336088374,3.8235560336088374,6.412845862146947,90.0,90.0,120.00000000000001
889,mp-972965,5.59827014,5.59827014,5.59827014,90.0,90.0,90.0
890,mp-973585,3.8382875800000003,3.8382875800000003,9.34550915,90.0,90.0,90.0
891,mp-973981,3.72589343,3.72589343,8.74631276,90.0,90.0,90.0
892,mp-975144,4.15008941,4.15008941,10.4182486,90.0,90.0,90.0
893,mp-975666,4.09254153,4.09254153,7.64333531,90.0,90.0,90.0
894,mp-976280,4.139870978391227,4.139870978391227,6.69329149,90.0,90.0,119.99999999999999
895,mp-976876,5.1383393208137615,5.1383393208137615,5.194543300031988,90.0,90.0,120.00000000000001
896,mp-977455,4.3149707,4.3149707,4.3149707,90.0,90.0,90.0
897,mp-978852,4.487417146618976,4.487417146618976,5.165524,90.0,90.0,119.99999999999999
898,mp-980057,4.265790426768994,4.265790426768994,4.967268,90.0,90.0,119.99999999999999
899,mp-985586,4.53313,4.53313,4.53313,90.0,90.0,90.0
900,mp-985829,3.639664180016492,3.639664180016492,6.05556247,90.0,90.0,119.99999999999999
901,mp-985831,3.766327657969214,3.766327657969214,6.40983541,90.0,90.0,120.00000000000001
902,mp-991652,5.8952139599999995,5.8952139599999995,5.8952139599999995,90.0,90.0,90.0
903,mp-991676,5.97188355,5.97188355,5.97188355,90.0,90.0,90.0
904,mp-996959,4.209500305362495,4.209500305362495,10.612627772652667,90.0,90.0,90.0
905,mp-996962,4.725696790282039,3.6038358500000003,5.316119598181788,90.0,98.49223677849007,90.0
906,mp-996996,3.0150451394121,3.0150451394121,18.342959175592686,90.0,90.0,120.00000000000001
907,mp-997085,3.521643489999999,4.4147146,7.80739204,90.0,90.0,90.0
908,mp-997086,7.230343283198597,9.53283753523725,3.588685664985115,90.0,90.72537424192312,90.0
909,mp-997089,6.525206605131641,3.0220150788640394,6.100228589346787,90.0,118.13978271398557,90.0
910,mp-997161,2.88452008046639,2.88452008046639,18.262530218742818,90.0,90.0,119.99999999999999
911,mp-998552,4.16956679986942,4.16956679986942,4.170376634314528,90.0,90.0,90.0
912,mp-998739,5.763086413121105,5.766610325457446,4.07704487882767,90.0,90.0,90.0
913,mp-998745,4.117341669414059,4.11502468078564,4.12446155633439,90.0,90.03586409848964,90.0
914,mp-998761,4.087357523333332,4.087357523333332,4.087357523333332,90.0,90.0,90.0
915,mp-998762,5.990576995876367,5.990187502915574,4.233687939534757,90.0,90.02514694156258,90.0
916,mp-999119,4.031738795473204,4.031738795473204,22.478017050000027,90.0,90.0,120.00000000000001
917,mp-999121,4.464251603224401,4.464251603224401,24.403128480000216,90.0,90.0,119.99999999999999
918,mp-999126,3.9892963437019597,3.9892963437019597,19.780760790000258,90.0,90.0,120.00000000000001
919,mp-999127,4.135098339999402,4.135098339999402,20.7787327200001,90.0,90.0,119.99999999999999
920,mp-999129,4.057545951190608,4.057545951190608,21.927024570000118,90.0,90.0,119.99999999999999
921,mp-999132,4.528859885625826,4.528859885625826,24.383262790000177,90.0,90.0,119.99999999999999
922,mp-999137,4.257916015930584,4.257916015930584,23.165444820000022,90.0,90.0,120.00000000000001
923,mp-999138,4.113385705120901,4.113385705120901,22.44591846,90.0,90.0,119.99999999999999
924,mp-999265,4.068609414512516,4.068609414512516,22.947026250000047,90.0,90.0,119.99999999999999
925,mp-999269,4.5962600665577655,4.5962600665577655,25.522925130000164,90.0,90.0,119.99999999999999
926,mp-999288,4.609990936156723,4.609990936156723,24.36093785000011,90.0,90.0,120.00000000000001
927,mp-999289,4.349465115263159,4.349465115263159,23.099142010000232,90.0,90.0,120.00000000000001
928,mp-999319,4.580890796633336,4.580890796633336,24.319160090000175,90.0,90.0,119.99999999999999
929,mp-999447,4.494325786176798,4.494325786176798,22.49224722,90.0,90.0,119.99999999999999
930,mp-999448,4.123714778678401,4.123714778678401,20.766477660000124,90.0,90.0,119.99999999999999
931,mp-999460,3.7588863822528844,3.7588863822528844,19.66185396000013,90.0,90.0,120.00000000000001
932,mp-999461,4.303160475141688,4.303160475141688,20.790608580000022,90.0,90.0,119.99999999999999
933,mp-999470,4.121989076352577,4.121989076352577,19.846926810000127,90.0,90.0,120.00000000000001
934,mp-999471,4.266642009617511,4.266642009617511,20.792243850000023,90.0,90.0,120.00000000000001
935,mp-999472,4.373467334175715,4.373467334175715,20.620552770000003,90.0,90.0,119.99999999999999
936,mp-999474,4.098760344517762,4.098760344517762,20.7781075500002,90.0,90.0,120.00000000000001
937,mp-999488,4.116627860194909,4.116627860194909,20.748484620000124,90.0,90.0,120.00000000000001
938,mp-999489,4.170707572876919,4.170707572876919,20.73703606903751,90.0,90.0,119.99999999999999
939,mp-999490,3.967093446078795,3.967093446078795,19.779183690000103,90.0,90.0,120.00000000000001
