id,Formule,BG,IM,CA,a,b,c,alpha,beta,gamma,contains_rare_earth,is_element,num_of_elements
mp-239,BaS3,1.3912999999999998,False,62546.51885040232,6.9519550500000005,6.9519550500000005,4.21601149,90.0,90.0,90.0,False,False,2
mp-241,CdF2,2.8977000000000004,False,1582.3565435713265,5.40103778304604,5.40103778304604,5.40103778304604,90.0,90.0,90.0,False,False,2
mp-252,BeTe,2.0173,False,10109.30351063222,5.662917575119757,5.662917575119757,5.662917575119757,90.0,90.0,90.0,False,False,2
mp-315,PbF2,4.3938,False,2088.1837135843693,5.915896864695085,5.915896864695085,5.915896864695085,90.0,90.0,90.0,False,False,2
mp-361,Cu2O,0.5126999999999997,False,241827.7827685164,4.24669932,4.24669932,4.24669932,90.0,90.0,90.0,False,False,2
mp-375,UO3,1.6349999999999998,False,228128.7749448409,4.13541623,4.13541623,4.13541623,90.0,90.0,90.0,False,False,2
mp-406,CdTe,0.5846000000000002,False,310507.979302599,6.564227112423829,6.564227112423829,6.564227112423829,90.0,90.0,90.0,False,False,2
mp-422,BeS,3.1453,False,2783.582752166997,4.870303297786005,4.870303297786005,4.870303297786005,90.0,90.0,90.0,False,False,2
mp-441,Rb2Te,1.8766,False,65916.01898158957,8.562208858073191,8.562208858073191,8.562208858073191,90.0,90.0,90.0,False,False,2
mp-467,Th3N4,1.4415000000000004,False,118912.24444223684,3.8754424082805903,3.8754424082805903,27.46114430799189,90.0,90.0,120.0,False,False,2
mp-588,GaF3,4.7051,False,575.9106614177286,4.906004282306151,4.906004282306151,13.173860517979536,90.0,90.0,120.0,False,False,2
mp-643,ThO2,4.4187,False,2036.1368515016984,5.600959220714735,5.600959220714735,5.600959220714735,90.0,90.0,90.0,False,False,2
mp-648,Na2S,2.4399,False,20758.96075109862,6.49830897865175,6.49830897865175,6.49830897865175,90.0,90.0,90.0,False,False,2
mp-661,AlN,4.0467,False,1959.0698435740687,3.128588135976751,3.128588135976751,5.016955,90.0,90.0,120.0,False,False,2
mp-665,SnSe2,0.7018,False,217578.95337380888,3.841899136404435,3.841899136404435,6.4858801,90.0,90.0,120.0,False,False,2
mp-672,CdS,1.125,False,78525.5509782946,4.168838099510944,4.168838099510944,6.77961741,90.0,90.0,120.0,False,False,2
mp-706,HgF,1.7704,False,35411.833792287274,3.658952947105521,3.658952947105521,11.045498802927751,90.0,90.0,90.0,False,False,2
mp-733,GeO2,3.2501,False,2003.2030087234484,4.986950089999588,4.986950089999588,5.67479619,90.0,90.0,120.0,False,False,2
mp-736,Li3P,0.6996000000000002,False,126956.74779939238,4.219273805576638,4.219273805576638,7.54705753,90.0,90.0,120.0,False,False,2
mp-757,Li3As,0.6364999999999998,False,165880.80330967912,4.341471481891913,4.341471481891913,7.745609,90.0,90.0,120.0,False,False,2
mp-762,PtS2,1.5467000000000004,False,582625.6968975696,3.54874218934387,3.54874218934387,5.59706654,90.0,90.0,120.0,False,False,2
mp-766,As2Ru,0.4492000000000002,False,470244.5307921444,3.00114582,5.43556299,6.20594752,90.0,90.0,90.0,False,False,2
mp-804,GaN,1.7264999999999997,False,70831.69194936952,3.1889304035246457,3.1889304035246457,5.19235725,90.0,90.0,120.0,False,False,2
mp-827,KN3,3.9394,False,2682.108377255787,6.1018011821357785,6.1018011821357785,7.03239008835671,90.0,90.0,90.0,False,False,2
mp-841,Li2O2,1.9743,False,33810.16585185927,3.102634329476344,3.102634329476344,7.56992946,90.0,90.0,120.0,False,False,2
mp-856,SnO2,0.6519000000000004,False,44959.63899828126,4.764818045,4.764818045,3.20749977,90.0,90.0,90.0,False,False,2
mp-938,GeTe,0.8086000000000002,False,1265742.5373234896,4.188986794466971,4.188986794466971,11.03707735428012,90.0,90.0,120.0,False,False,2
mp-947,Au2S,1.9091,False,73820.44618004526,5.273982179999999,5.273982179999999,5.273982179999999,90.0,90.0,90.0,False,False,2
mp-971,K2O,1.7072,False,56559.447699334894,4.502013090000001,4.51565428,6.37500949,90.0,90.0,90.0,False,False,2
mp-984,BN,4.273999999999999,False,2278.386369148149,2.512428228120049,2.512428228120049,7.707265,90.0,90.0,120.0,False,False,2
mp-10074,GeSe2,1.5188,False,311810.4860485964,5.936630091371072,5.936630091371072,9.571308051830131,90.0,90.0,90.0,False,False,2
mp-10322,BaHfN2,1.2537000000000005,False,98647.84265207368,4.13241419,4.13241419,8.42759229,90.0,90.0,90.0,False,False,3
mp-10401,Tl2SnF6,4.2962,False,1824.1406436985576,6.006421216027281,6.006421216027281,4.80758079,90.0,90.0,120.0,False,False,3
mp-10402,TiTl2F6,3.8846,False,2382.521311431463,5.919080258390827,5.919080258390827,4.76418862,90.0,90.0,120.0,False,False,3
mp-10408,K2CN2,3.1433,False,2110.169118656582,5.770837322111839,5.6785405361338,5.770783143801709,90.0,108.45901431386756,90.0,False,False,3
mp-10485,BaLiSb,0.6946999999999997,False,541176.5219216924,4.940407598328941,4.940407598328941,9.18028967,90.0,90.0,120.0,False,False,3
mp-10572,NaPN2,4.6812000000000005,False,1708.1121121040346,4.947436840674604,4.947436840674604,6.962243147116519,90.0,90.0,90.0,False,False,3
mp-10616,BaLiAs,0.5928,False,348074.60451586853,4.532278736656025,4.532278736656025,4.60523575,90.0,90.0,120.0,False,False,3
mp-10623,ThSbRh,0.7438000000000002,False,396908.8123427316,6.707204948115119,6.707204948115119,6.707204948115119,90.0,90.0,90.0,False,False,3
mp-10748,TaCu3S4,1.9231000000000005,False,102436.11892711744,5.486557430000001,5.486557430000001,5.486557430000001,90.0,90.0,90.0,False,False,3
mp-10919,Rb2PtC2,1.1362,False,261816.0809879976,5.405893506952568,5.405893506952568,5.20080089,90.0,90.0,120.0,False,False,3
mp-10969,CdCN2,2.3076,False,5614.9230122845,3.556742204433108,3.556742204433108,14.579926417270276,90.0,90.0,120.0,False,False,3
mp-1022,K2S,2.3201,False,20112.421519871445,7.41387892258685,7.41387892258685,7.41387892258685,90.0,90.0,90.0,False,False,2
mp-1039,MgTe,2.3612,False,22842.98216661997,4.590202539375506,4.590202539375506,7.43780571,90.0,90.0,120.0,False,False,2
mp-1087,SrS,2.497,False,8017.255570936087,6.0480334773227975,6.0480334773227975,6.0480334773227975,90.0,90.0,90.0,False,False,2
mp-1105,BaO2,2.2352,False,2518.01562928497,3.8380148229466498,3.8380148229466498,6.898199266733667,90.0,90.0,90.0,False,False,2
mp-1115,PtSe2,0.6193,False,608507.3398503886,3.7173065480242062,3.7173065480242062,5.82007402,90.0,90.0,120.0,False,False,2
mp-1153,Li2S,3.3862000000000005,False,2778.030440298709,5.670335685713675,5.670335685713675,5.670335685713675,90.0,90.0,90.0,False,False,2
mp-1170,SnS2,1.5147999999999997,False,57142.15933398699,3.674305600569976,3.674305600569976,6.22883184,90.0,90.0,120.0,False,False,2
mp-1190,ZnSe,1.1663,False,83248.3710616367,5.664885081390604,5.664885081390604,5.664885081390604,90.0,90.0,90.0,False,False,2
mp-1224,HgO,1.1867,False,63225.39200997923,3.58509138,5.56420636,6.69606078,90.0,90.0,90.0,False,False,2
mp-1265,MgO,4.4292,False,1000.3129736614528,4.19400278535224,4.19400278535224,4.19400278535224,90.0,90.0,90.0,False,False,2
mp-1266,Na2Se,2.0153,False,70067.0174791174,6.759551156983516,6.759551156983516,6.759551156983516,90.0,90.0,90.0,False,False,2
mp-1315,MgS,2.7574,False,4272.297077896137,5.208795111220911,5.208795111220911,5.208795111220911,90.0,90.0,90.0,False,False,2
mp-1342,BaO,2.0906,False,51618.28338660007,5.580783419036325,5.580783419036325,5.580783419036325,90.0,90.0,90.0,False,False,2
mp-1415,CaSe,2.0728000000000004,False,11530.258802301702,5.940476210343394,5.940476210343394,5.940476210343394,90.0,90.0,90.0,False,False,2
mp-1479,BP,1.2434999999999992,False,8184.513933873101,4.532144769089332,4.532144769089332,4.532144769089332,90.0,90.0,90.0,False,False,2
mp-1500,BaS,2.1488,False,51310.029329953926,6.451351236011469,6.451351236011469,6.451351236011469,90.0,90.0,90.0,False,False,2
mp-1519,CaTe,1.5535,False,38468.49687839703,6.391708758054385,6.391708758054385,6.391708758054385,90.0,90.0,90.0,False,False,2
mp-1522,FeS2,0.8770000000000007,False,699489.8187113239,3.37769817,4.42562487,5.39652822,90.0,90.0,90.0,False,False,2
mp-1541,BeSe,2.6636999999999995,False,4356.541193094771,5.167937476362056,5.167937476362056,5.167937476362056,90.0,90.0,90.0,False,False,2
mp-1550,AlP,1.6294000000000004,False,13895.173518138943,5.472967426017369,5.472967426017369,5.472967426017369,90.0,90.0,90.0,False,False,2
mp-1569,Be2C,1.1636999999999995,False,3457.1170222439164,4.324511945749077,4.324511945749077,4.324511945749077,90.0,90.0,90.0,False,False,2
mp-1572,GaSe,1.2405999999999997,False,76025.32966510674,3.773436731732547,3.773436731732547,16.52079197,90.0,90.0,120.0,False,False,2
mp-1591,Al4C3,1.3154000000000003,False,12390.161171835627,3.3330319433644853,3.3330319433644853,24.915625668909783,90.0,90.0,120.0,False,False,2
mp-1672,CaS,2.3819,False,7292.231318288678,5.704748583424641,5.704748583424641,5.704748583424641,90.0,90.0,90.0,False,False,2
mp-1747,K2Te,2.141,False,72126.33369519562,8.182375931826074,8.182375931826074,8.182375931826074,90.0,90.0,90.0,False,False,2
mp-1776,UN2,0.6927000000000003,False,651612.5436165184,5.261712590768087,5.261712590768087,5.261712590768087,90.0,90.0,90.0,False,False,2
mp-1821,WSe2,1.4465,False,324073.6781761412,3.3199329218010143,3.3199329218010143,13.7371873,90.0,90.0,120.0,False,False,2
mp-1852,UF5,0.7455999999999999,False,1574.2422151416874,6.416870207111135,6.416870207111135,4.477941568451381,90.0,90.0,90.0,False,False,2
mp-1873,ZnF2,3.4592,False,807.5215541407232,4.70294417,4.70294417,3.13289021,90.0,90.0,90.0,False,False,2
mp-1883,SnTe,0.0419,False,1216661.471412963,6.371626132571059,6.371626132571059,6.371626132571059,90.0,90.0,90.0,False,False,2
mp-1958,SrTe,1.7616,False,62828.64608724197,6.711670620839228,6.711670620839228,6.711670620839228,90.0,90.0,90.0,False,False,2
mp-1960,Li2O,4.8986,False,1047.5785165989896,4.653708763836069,4.653708763836069,4.653708763836069,90.0,90.0,90.0,False,False,2
mp-11019,GaCuO2,0.7812999999999999,False,40496.99599969608,2.971853523119563,2.971853523119563,11.44881994,90.0,90.0,120.0,False,False,3
mp-11020,GaAgO2,0.5832999999999999,False,32653.733168563347,2.9906166992273104,2.9906166992273104,12.42136296,90.0,90.0,120.0,False,False,3
mp-11107,Ac2O3,3.5226,False,2488.423086003315,4.095488002164615,4.095488002164615,6.29988201,90.0,90.0,120.0,False,False,2
mp-11147,Na5CuSO2,1.5205,False,42921.30595675817,4.577351,4.577351,8.207251,90.0,90.0,90.0,False,False,4
mp-11327,Rb2Se,1.7968,False,52956.80485960386,8.057712764073448,8.057712764073448,8.057712764073448,90.0,90.0,90.0,False,False,2
mp-11775,RbUO3,0.4542000000000001,False,15016.3587292323,4.328371596666666,4.328371596666666,4.328371596666666,90.0,90.0,90.0,False,False,3
mp-12317,SrCN2,3.2056,False,2224.396583595816,3.978757351075687,3.978757351075687,15.108780924252574,90.0,90.0,120.0,False,False,3
mp-12442,KAuF6,2.1117,False,32954.09362690449,7.554441848936402,7.554441848936402,7.211647041672181,90.0,90.0,120.0,False,False,3
mp-12444,SrCuSF,1.5126,False,60383.31371940797,3.93943137,3.93943137,8.64701502,90.0,90.0,90.0,False,False,4
mp-12954,CuBS2,1.7424999999999995,False,34344.16096569466,4.984760243394115,4.984760243394115,9.035491831725349,90.0,90.0,90.0,False,False,3
mp-12957,O2,0.0,True,869307.1885726663,8.754856,6.220214,4.389828171850124,90.0,115.76698413047656,90.0,False,False,1
mp-13031,MgSe,2.5476,False,14204.630377360634,5.937855388474067,5.937855388474067,5.937855388474067,90.0,90.0,90.0,False,False,2
mp-13275,NaSrP,1.2357,False,296219.53723601607,7.66479932631214,7.66479932631214,4.48604454,90.0,90.0,120.0,False,False,3
mp-13276,SrLiP,1.3430999999999995,False,242793.161182276,4.371296412853743,4.371296412853743,8.04126415,90.0,90.0,120.0,False,False,3
mp-13277,BaLiP,0.9631000000000004,False,400210.4247408962,4.523617695411071,4.523617695411071,8.75238429,90.0,90.0,120.0,False,False,3
mp-13610,ZnPbF6,1.7555,False,21597.407438069244,5.126887530043264,5.126887530043264,14.436050510243696,90.0,90.0,120.0,False,False,3
mp-13660,Ca4Sb2O,0.9078999999999996,False,282066.5986098061,4.700047629802054,4.700047629802054,16.299760489038935,90.0,90.0,90.0,False,False,3
mp-13903,ZnSnF6,3.7147,False,910.0738040444672,5.120740767679854,5.120740767679854,13.924412519434885,90.0,90.0,120.0,False,False,3
mp-13907,CdSnF6,3.8568,False,861.0906554180275,5.254960409629441,5.254960409629441,14.850194197282196,90.0,90.0,120.0,False,False,3
mp-13984,CdPdF6,1.7751,False,85628.0685851161,5.056799392418005,5.056799392418005,14.505292312641645,90.0,90.0,120.0,False,False,3
mp-14070,RbAlO2,3.4902,False,1005.1977397204458,8.021614149030482,8.021614149030482,8.021614149030482,90.0,90.0,90.0,False,False,3
mp-14088,Rb2PdF6,2.2306,False,7150.90077402524,8.487651353192373,8.487651353192373,8.487651353192373,90.0,90.0,90.0,False,False,3
mp-14091,AlAgSe2,1.1351999999999998,False,89730.35346629101,5.975205832709159,5.975205832709159,11.022078117801527,90.0,90.0,90.0,False,False,3
mp-14115,LiRhO2,1.5153,False,319909.78095456463,3.04022935907144,3.04022935907144,14.041680872092838,90.0,90.0,120.0,False,False,3
mp-14116,CuRhO2,0.6553000000000004,False,369164.3617237576,3.085909045506548,3.085909045506548,17.065339858815793,90.0,90.0,120.0,False,False,3
mp-14205,K3Cu3As2,1.2741,False,415248.42532602296,5.748374833597323,5.748374833597323,20.450367151360027,90.0,90.0,120.0,False,False,3
mp-15724,KNa2Sb,0.6720999999999999,False,515919.4804408981,7.704635599215965,7.704635599215965,7.704635599215965,90.0,90.0,90.0,False,False,3
mp-15988,Li2CuSb,0.4535,False,489082.7843674417,6.291892799711175,6.291892799711175,6.291892799711175,90.0,90.0,90.0,False,False,3
mp-16236,KAgSe,0.4821999999999999,False,113369.2887365727,4.51645146,4.51645146,7.6982129,90.0,90.0,90.0,False,False,3
mp-19178,CoAgO2,1.332,False,429596.6600808842,2.861520861046852,2.861520861046852,12.28569151,90.0,90.0,120.0,False,False,3
mp-19338,LiMoO2,0.0,True,92028.10549071776,2.769270157690112,2.769270157690112,16.049502447135133,90.0,90.0,120.0,False,False,3
mp-19378,CrAgO2,1.6634000000000009,False,153935.58306831704,2.9928262211308585,2.9928262211308585,18.55869299052621,90.0,90.0,120.0,False,False,3
mp-19443,WO3,0.8578,False,132163.21600501973,5.32499735,5.32499735,3.94449455,90.0,90.0,90.0,False,False,2
mp-19717,TePb,0.8063000000000002,False,1309123.012061582,6.541793610119743,6.541793610119743,6.541793610119743,90.0,90.0,90.0,False,False,2
mp-19734,MgPbF6,3.0406,False,2855.025133528147,5.124584485333622,5.124584485333622,14.229468236718324,90.0,90.0,120.0,False,False,3
mp-19833,InAgS2,0.3772999999999999,False,190925.5217231584,5.873910311268413,5.873910311268413,11.395495516130556,90.0,90.0,90.0,False,False,3
mp-19886,ThSnPt,0.6738,False,486801.9163552843,6.798892648031452,6.798892648031452,6.798892648031452,90.0,90.0,90.0,False,False,3
mp-20015,As2PbO6,2.1358,False,11243.670882296748,4.894081558584741,4.894081558584741,5.51676445,90.0,90.0,120.0,False,False,3
mp-20098,Ba2PbO4,1.2232000000000005,False,114405.61820532594,4.339554848334276,4.339554848334276,13.36430255816295,90.0,90.0,90.0,False,False,3
mp-20273,Ca3PbO,0.0,True,417688.9298040887,4.84593119,4.84593119,4.84593119,90.0,90.0,90.0,False,False,3
mp-20289,NaInS2,1.8377,False,43352.512730792936,3.81681116079536,3.81681116079536,19.88759370298708,90.0,90.0,120.0,False,False,3
mp-20526,PbS,0.0,True,643838.0038944525,5.96737082,5.97403714,11.27537033,90.0,90.0,90.0,False,False,2
mp-20731,In2HgSe4,0.6337000000000002,False,343079.5997749675,5.937919136147785,5.937919136147785,11.700519674165704,90.0,90.0,90.0,False,False,3
mp-20790,InPS4,2.4754000000000005,False,27061.905255413483,5.727184582782915,5.727184582782915,9.07940786850607,90.0,90.0,90.0,False,False,3
mp-2068,RhF3,0.8625999999999999,False,388663.9315445543,4.876165023637776,4.876165023637776,13.58457076461966,90.0,90.0,120.0,False,False,2
mp-2074,Li3Sb,0.7073999999999998,False,116516.78839858368,6.544922671159856,6.544922671159856,6.544922671159856,90.0,90.0,90.0,False,False,2
mp-2097,SnO,0.4096000000000002,False,129164.756652113,3.81369522,3.81369522,4.8869133,90.0,90.0,90.0,False,False,2
mp-2133,ZnO,0.7227,False,67161.44374989724,3.2373510234543743,3.2373510234543743,5.2220613,90.0,90.0,120.0,False,False,2
mp-2172,AlAs,1.5036999999999998,False,92207.77653150584,5.675801600904916,5.675801600904916,5.675801600904916,90.0,90.0,90.0,False,False,2
mp-2176,ZnTe,1.0732999999999997,False,227475.9718862572,6.1112291203687645,6.1112291203687645,6.1112291203687645,90.0,90.0,90.0,False,False,2
mp-2201,PbSe,0.4256999999999999,False,1048176.3430566724,6.181647072994785,6.181647072994785,6.181647072994785,90.0,90.0,90.0,False,False,2
mp-2251,Li3N,0.984,False,219852.35980756336,3.6097274001943127,3.6097274001943127,3.85463861,90.0,90.0,120.0,False,False,2
mp-2286,Li2Se,2.9746,False,4373.008537554134,5.9520885296812125,5.9520885296812125,5.9520885296812125,90.0,90.0,90.0,False,False,2
mp-2319,P2Os,0.8902999999999999,False,306582.0191149501,2.94564109,5.09488199,5.90694818,90.0,90.0,90.0,False,False,2
mp-2352,Na2O,1.8736,False,82536.5442219703,5.484981735819652,5.484981735819652,5.484981735819652,90.0,90.0,90.0,False,False,2
mp-2400,NaS,1.2348,False,56396.6597938009,4.45154721903268,4.45154721903268,10.17580278,90.0,90.0,120.0,False,False,2
mp-2437,IrF3,1.1410999999999998,False,417049.4665222003,4.958894909568588,4.958894909568588,13.714840021423637,90.0,90.0,120.0,False,False,2
mp-2455,As2Os,0.6646999999999998,False,396754.193384968,3.04327858,5.41927134,6.20976018,90.0,90.0,90.0,False,False,2
mp-2472,SrO,3.2748,False,3088.4042555178235,5.1675693775763,5.1675693775763,5.1675693775763,90.0,90.0,90.0,False,False,2
mp-2490,GaP,1.6039,False,132236.67002498536,5.45162498890976,5.45162498890976,5.45162498890976,90.0,90.0,90.0,False,False,2
mp-2507,GaS,2.0036,False,22353.533292486987,3.5932473575762773,3.5932473575762773,16.01465599,90.0,90.0,120.0,False,False,2
mp-2530,Li2Te,2.4914,False,7401.304700239134,6.513749003287515,6.513749003287515,6.513749003287515,90.0,90.0,90.0,False,False,2
mp-2605,CaO,3.630100000000001,False,2192.9746064204246,4.807111392065781,4.807111392065781,4.807111392065781,90.0,90.0,90.0,False,False,2
mp-2624,AlSb,1.2255000000000005,False,348957.2552222329,6.185042287114787,6.185042287114787,6.185042287114787,90.0,90.0,90.0,False,False,2
mp-2659,LiN3,3.6364,False,3436.092602208679,5.502507520956158,3.2687436554262224,4.840211758322798,90.0,104.78388365541448,90.0,False,False,2
mp-2667,CsAu,1.0233,False,142700.51855477766,4.28285436,4.28285436,4.28285436,90.0,90.0,90.0,False,False,2
mp-2691,CdSe,0.5096,False,151090.54593470172,6.14054239711744,6.14054239711744,6.14054239711744,90.0,90.0,90.0,False,False,2
mp-2693,SnSe,0.1189,False,1278978.714114919,6.020867425510299,6.020867425510299,6.020867425510299,90.0,90.0,90.0,False,False,2
mp-2697,SrO2,2.8495000000000004,False,2234.0352020164614,3.544240324747733,3.544240324747733,6.6845123218523606,90.0,90.0,90.0,False,False,2
mp-2706,SnF4,3.115,False,1338.4932240898218,4.07831350075408,4.07831350075408,7.769306271936078,90.0,90.0,90.0,False,False,2
mp-2758,SrSe,2.2313,False,13824.998866014525,6.279421748401956,6.279421748401956,6.279421748401956,90.0,90.0,90.0,False,False,2
mp-2784,Na2Te,2.0282,False,62561.616050623,7.265958466767905,7.265958466767905,7.265958466767905,90.0,90.0,90.0,False,False,2
mp-2964,NaNO2,0.0,True,15264.983196699051,3.478627283735936,5.358031129591835,5.468455136001609,90.0,90.0,90.0,False,False,3
mp-2991,Cs2UO4,1.8211,False,106853.02762454878,4.39260526472602,4.39260526472602,14.948161682797942,90.0,90.0,90.0,False,False,3
mp-21276,PbS,0.4666999999999994,False,643838.0038944525,4.23050716,5.9824948,8.43319393,90.0,90.0,90.0,False,False,2
mp-21855,VCu3Se4,0.8164000000000002,False,297204.38848687225,5.5751705,5.5751705,5.5751705,90.0,90.0,90.0,False,False,3
mp-22232,TlInSe2,0.7351000000000001,False,307790.9997805156,8.168701471226143,8.168701471226143,6.9284588156446185,90.0,90.0,90.0,False,False,3
mp-22313,Na2PtO2,1.4632999999999998,False,51814.44917324935,3.13998282,4.55414738,9.43159774,90.0,90.0,90.0,False,False,3
mp-22859,HgI,1.6426000000000005,False,642451.1826638625,5.070440821419709,5.070440821419709,11.77167852497402,90.0,90.0,90.0,False,False,2
mp-22867,RbBr,4.192,False,1262.071220406633,6.911900718971193,6.911900718971193,6.911900718971193,90.0,90.0,90.0,False,False,2
mp-22877,VCl2,1.2559999999999998,False,20469.30606957621,3.6387906923434383,3.6387906923434383,6.09125368,90.0,90.0,120.0,False,False,2
mp-22881,CdCl2,3.5244,False,2028.0384719028489,3.8572081188736136,3.8572081188736136,18.317236266772102,90.0,90.0,120.0,False,False,2
mp-22885,XeF2,2.6861999999999995,False,3712.433294379692,4.246657338317982,4.246657338317982,7.091690772966438,90.0,90.0,90.0,False,False,2
mp-22897,HgCl,2.7243000000000004,False,11323.398672808316,4.529054621991,4.529054621991,11.04382662925866,90.0,90.0,90.0,False,False,2
mp-22898,KI,3.8513,False,2155.894006460849,7.084871231449998,7.084871231449998,7.084871231449998,90.0,90.0,90.0,False,False,2
mp-22903,RbI,3.7765,False,2115.494680595158,7.382334730099113,7.382334730099113,7.382334730099113,90.0,90.0,90.0,False,False,2
mp-22909,ZnCl2,4.0533,False,1525.174395348783,5.595122849105167,5.595122849105167,9.883078141753684,90.0,90.0,90.0,False,False,2
mp-22916,NaBr,4.0895,False,1573.034658022245,5.923084507707753,5.923084507707753,5.923084507707753,90.0,90.0,90.0,False,False,2
mp-22922,AgCl,0.9522000000000002,False,9240.430354182648,5.545325993612285,5.545325993612285,5.545325993612285,90.0,90.0,90.0,False,False,2
mp-22925,AgI,1.3674,False,84443.93592516544,6.56419155646163,6.56419155646163,6.56419155646163,90.0,90.0,90.0,False,False,2
mp-22935,CsBrF,2.5062,False,12422.095680645332,4.309097403877068,4.309097403877068,19.945694311527124,90.0,90.0,90.0,False,False,3
mp-22936,Ca2NCl,2.371,False,34103.23371840593,3.657833017936005,3.657833017936005,19.726325322534635,90.0,90.0,120.0,False,False,3
mp-22939,BiClO,2.5681000000000003,False,6690.116967263639,3.8933967,3.8933967,7.49318875,90.0,90.0,90.0,False,False,3
mp-22946,CrClO,0.3688000000000002,False,151755.60955803722,3.19007562,3.86656054,7.952460439999999,90.0,90.0,90.0,False,False,3
mp-22951,BaIF,4.0263,False,2505.575626485272,4.70410576,4.70410576,8.00429698,90.0,90.0,90.0,False,False,3
mp-22956,K2PdCl4,1.4279000000000002,False,8985.79850533279,7.05764687,7.05764687,4.09634545,90.0,90.0,90.0,False,False,3
mp-22958,KBrO3,3.8569,False,2573.6817875025654,5.943277140641094,5.943277140641094,8.233972751427013,90.0,90.0,120.0,False,False,3
mp-22964,PbClF,3.5519,False,3999.819916453935,4.10916829,4.10916829,7.23904356,90.0,90.0,90.0,False,False,3
mp-22975,Rb2TeCl6,2.6398,False,13033.415709574489,10.285495828691756,10.285495828691756,10.285495828691756,90.0,90.0,90.0,False,False,3
mp-22981,TlIO3,2.7633,False,9251.419519823958,6.301585160929237,6.301585160929237,7.966300755780654,90.0,90.0,120.0,False,False,3
mp-22988,CsGeCl3,2.1535,False,55949.250895280165,7.693632781449086,7.693632781449086,9.534901600706087,90.0,90.0,120.0,False,False,3
mp-22990,CsICl2,2.2301,False,17065.467111331178,6.367449288211168,6.367449288211168,12.43758889793637,90.0,90.0,120.0,False,False,3
mp-23009,Ca2BrN,2.4254,False,32204.52280927021,3.70951140657784,3.70951140657784,20.588636193915946,90.0,90.0,120.0,False,False,3
mp-23033,Sr2NCl,1.9398000000000004,False,79794.45746886307,3.8930932745441136,3.8930932745441136,21.11645839446954,90.0,90.0,120.0,False,False,3
mp-23040,Ca2PI,1.6997000000000004,False,146024.17633880975,4.311202296987753,4.311202296987753,22.26635316520948,90.0,90.0,120.0,False,False,3
mp-23046,SrIF,4.3096000000000005,False,2254.8516311319795,4.27610854,4.27610854,8.97879985,90.0,90.0,90.0,False,False,3
mp-23052,ZrIN,1.2172,False,44845.778132122905,3.75514487,4.11848974,9.70430948,90.0,90.0,90.0,False,False,3
mp-23056,Sr2BrN,1.8455,False,89361.1133267938,3.938812910281553,3.938812910281553,21.98055454407755,90.0,90.0,120.0,False,False,3
mp-23070,BaBrF,4.8824,False,1375.3920345497645,4.5399233500000005,4.5399233500000005,7.49539352,90.0,90.0,90.0,False,False,3
mp-23072,BiBrO,2.2251,False,10758.881757173169,3.92782718,3.92782718,8.39431909,90.0,90.0,90.0,False,False,3
mp-23162,ZrCl2,0.8479999999999999,False,518455.6073024764,3.404810468398956,3.404810468398956,19.97678194938,90.0,90.0,120.0,False,False,2
mp-23177,HgBr,2.2557,False,45959.2633679429,4.743077152573382,4.743077152573382,11.286349926373504,90.0,90.0,90.0,False,False,2
mp-23202,InI,1.3412000000000002,False,313509.1466665531,4.860243728716956,12.86526409645591,4.83363636,90.0,90.0,90.0,False,False,2
mp-23205,MgI2,3.616200000000001,False,3466.219896135275,4.1956845299391015,4.1956845299391015,7.10572693,90.0,90.0,120.0,False,False,2
mp-23251,KBr,4.3224,False,1266.7664870364429,6.5890819395976505,6.5890819395976505,6.5890819395976505,90.0,90.0,90.0,False,False,2
mp-23268,NaI,3.5687,False,2836.6021956158675,6.43731337264115,6.43731337264115,6.43731337264115,90.0,90.0,90.0,False,False,2
mp-23297,BrF3,2.211,False,5370.491308069628,5.3104690967558,7.569116689334061,6.22369746,90.0,90.0,90.0,False,False,2
mp-23406,Cs2PtCl6,2.1146,False,24805.573921457624,10.338716168297802,10.338716168297802,10.338716168297802,90.0,90.0,90.0,False,False,3
mp-23465,Cs2TeCl6,2.7815000000000003,False,11466.394384937186,10.55848469859708,10.55848469859708,10.55848469859708,90.0,90.0,90.0,False,False,3
mp-23475,Rb2PbCl6,1.2605,False,117264.20812560157,10.277402817449191,10.277402817449191,10.277402817449191,90.0,90.0,90.0,False,False,3
mp-23703,LiH,2.981,False,10195.54681615706,4.017238783831899,4.017238783831899,4.017238783831899,90.0,90.0,90.0,False,False,2
mp-23710,MgH2,3.7097,False,2975.5267512761834,4.476694,4.476694,2.992537,90.0,90.0,90.0,False,False,2
mp-23737,KMgH3,2.458,False,2710.9691807088807,3.988098,3.988098,3.988098,90.0,90.0,90.0,False,False,3
mp-23804,Mg2FeH6,1.914,False,10452.05506345871,6.355060652974447,6.355060652974447,6.355060652974447,90.0,90.0,90.0,False,False,3
mp-23818,BaLiH3,2.2146,False,13394.380844517911,4.01142218,4.01142218,4.01142218,90.0,90.0,90.0,False,False,3
mp-23856,LiHO,4.0057,False,877.3013581358546,4.92798156,4.93579158,4.27946589,90.0,90.0,90.0,False,False,3
mp-23859,CaHCl,3.8394,False,2349.772304158143,3.8166786,3.8166786,6.90281062,90.0,90.0,90.0,False,False,3
mp-23860,SrHCl,4.044700000000001,False,1989.883674755228,4.1068944,4.1068944,6.9852223,90.0,90.0,90.0,False,False,3
mp-23861,BaHCl,3.4827000000000004,False,2397.33981920222,4.42149759,4.42149759,7.26851667,90.0,90.0,90.0,False,False,3
mp-23862,BaHI,2.8111,False,4890.688355140904,4.77580877,4.77580877,7.80022709,90.0,90.0,90.0,False,False,3
mp-23870,NaH,3.7666,False,3207.1602923036203,4.772843330328639,4.772843330328639,4.772843330328639,90.0,90.0,90.0,False,False,2
mp-23879,Ca(HO)2,4.1119,False,1026.7826242482602,6.214048862638752,3.587817131402716,4.8087733755641935,90.0,91.39530802581758,90.0,False,False,3
mp-23956,K2MgH4,3.4385,False,2917.012476704012,4.008934676425388,4.008934676425388,13.552924274030122,90.0,90.0,90.0,False,False,3
mp-24066,SrHClO,4.9798,False,949.6630576606628,4.182585684111552,4.182585684111552,10.079665,90.0,90.0,120.0,False,False,4
mp-24084,KH,3.4331,False,3907.683687565249,5.672497599020256,5.672497599020256,5.672497599020256,90.0,90.0,90.0,False,False,2
mp-24204,CaHI,3.5271000000000003,False,4381.448138273883,4.02334212,4.02334212,9.34312645,90.0,90.0,90.0,False,False,3
mp-24292,Sr2H6Ru,2.2360999999999995,False,7386.2992146541055,7.59973554,7.59973554,7.59973554,90.0,90.0,90.0,False,False,3
mp-24422,CaHBr,4.1152,False,2558.1559824372616,3.837287169999999,3.837287169999999,8.27880997,90.0,90.0,90.0,False,False,3
mp-24423,SrHBr,3.8297,False,2640.0046030682333,4.23942733,4.23942733,7.28807182,90.0,90.0,90.0,False,False,3
mp-24424,BaHBr,3.2113,False,3019.510818735152,4.56529887,4.56529887,7.44013322,90.0,90.0,90.0,False,False,3
mp-24721,RbH,2.9163,False,6317.384331064218,6.008162523338445,6.008162523338445,6.008162523338445,90.0,90.0,90.0,False,False,2
mp-27193,RbIO3,2.8369,False,6785.936604435413,6.37545785328841,6.37545785328841,7.866332161879258,90.0,90.0,120.0,False,False,3
mp-27214,CsSnBr3,0.5984,False,307521.2405061243,5.83900561,5.83900561,5.83900561,90.0,90.0,90.0,False,False,3
mp-27294,Ca3AsBr3,1.6726,False,175245.94344768242,5.93247235,5.93247235,5.93247235,90.0,90.0,90.0,False,False,3
mp-27315,CaTiF6,4.616700000000001,False,1275.023842199445,5.824493957519114,5.824493957519114,14.343530047108455,90.0,90.0,120.0,False,False,3
mp-27419,LiBiF6,2.5394,False,10765.966990507368,5.062303708022986,5.062303708022986,13.996581125195702,90.0,90.0,120.0,False,False,3
mp-27420,NaBiF6,2.7315,False,5124.297707729901,5.274799317217799,5.274799317217799,15.290374086118062,90.0,90.0,120.0,False,False,3
mp-27562,Na2Pd3O4,0.4208000000000003,False,459128.7176827004,3.0548730380787337,5.465136709627562,13.120389695046924,90.0,90.0,90.0,False,False,3
mp-27702,InClO,2.3645,False,5757.72049710997,3.5480108900000005,4.100010329999999,8.40576789,90.0,90.0,90.0,False,False,3
mp-27703,InBrO,1.9948,False,17034.61452871854,3.64760392,4.07717859,8.90792645,90.0,90.0,90.0,False,False,3
mp-27726,SO2,2.8368,False,2991.437238661991,5.797962936463708,6.101376890032142,5.90349217,90.0,90.0,90.0,False,False,2
mp-27743,BiF5,1.8138,False,73950.3195197174,6.39358828688502,6.39358828688502,4.280533447390971,90.0,90.0,90.0,False,False,2
mp-27827,Rb2TiCl6,2.1471,False,110193.87027241485,9.992876674236278,9.992876674236278,9.992876674236278,90.0,90.0,90.0,False,False,3
mp-27828,Cs2TiCl6,2.2291,False,63415.51337846289,10.348355184130735,10.348355184130735,10.348355184130735,90.0,90.0,90.0,False,False,3
mp-27831,Rb2ZrCl6,3.5620000000000003,False,3197.771161000452,10.21282800784718,10.21282800784718,10.21282800784718,90.0,90.0,90.0,False,False,3
mp-27832,Tl2SnCl6,2.4814,False,3841.479887296004,10.01779105410867,10.01779105410867,10.01779105410867,90.0,90.0,90.0,False,False,3
mp-27834,Tl2PtCl6,1.7373999999999998,False,36213.36499166497,9.827397080532686,9.827397080532686,9.827397080532686,90.0,90.0,90.0,False,False,3
mp-27839,K2TiCl6,2.0826,False,154336.6915290585,9.80903408050262,9.80903408050262,9.80903408050262,90.0,90.0,90.0,False,False,3
mp-27841,VBrO,1.4911,False,85262.43418066922,3.42819595,3.77685904,8.705278599999998,90.0,90.0,90.0,False,False,3
mp-27850,TiNCl,0.5636999999999999,False,258298.4094061602,3.26575402,3.94206289,8.09629069,90.0,90.0,90.0,False,False,3
mp-27869,Ba2PCl,1.2602000000000002,False,186587.9024646923,4.681180345817013,4.681180345817013,22.72599442788384,90.0,90.0,120.0,False,False,3
mp-27913,CoHO2,0.0,True,454139.2727359932,2.8488726017040245,2.8488726017040245,12.935226315666643,90.0,90.0,120.0,False,False,3
mp-27980,U(OF)2,2.1045000000000003,False,5226.076975912966,4.207837996988386,4.207837996988386,15.825001750919284,90.0,90.0,120.0,False,False,3
mp-28013,MnI2,1.1707999999999998,False,68097.20205499069,4.168581207450842,4.168581207450842,7.14619956,90.0,90.0,120.0,False,False,2
mp-28066,ThBrN,2.6396,False,5763.346572063539,4.07401477,4.07401477,8.12696051,90.0,90.0,90.0,False,False,3
mp-28067,ThIN,2.6859,False,7413.955691231634,4.12057337,4.12057337,9.53178002,90.0,90.0,90.0,False,False,3
mp-28069,Ca3AsCl3,1.8439,False,152955.13473379822,5.75617461,5.75617461,5.75617461,90.0,90.0,90.0,False,False,3
mp-28145,Rb2PdCl6,1.2868,False,278343.6218511205,9.935658042477437,9.935658042477437,9.935658042477437,90.0,90.0,90.0,False,False,3
mp-28166,K3BrO,0.8913,False,33130.80725237928,5.19026401,5.19026401,5.19026401,90.0,90.0,90.0,False,False,3
mp-28171,K3IO,1.0284000000000002,False,30245.933643374683,5.294230149999999,5.294230149999999,5.294230149999999,90.0,90.0,90.0,False,False,3
mp-28233,MnCl2,1.7925999999999995,False,2367.384380918222,3.6896847357011255,3.6896847357011255,18.22206643385314,90.0,90.0,120.0,False,False,2
mp-28306,MnBr2,1.5962,False,5064.581333343645,3.8714174928081713,3.8714174928081713,6.48342778,90.0,90.0,120.0,False,False,2
mp-28553,Ca2IN,2.3485,False,40401.43602441806,3.813155087498449,3.813155087498449,14.5364298,90.0,90.0,120.0,False,False,3
mp-28554,Ca2AsI,1.5566,False,183287.39021016544,4.396499437035258,4.396499437035258,22.352535001734463,90.0,90.0,120.0,False,False,3
mp-28602,Na3ClO,2.0299,False,50459.25903188639,4.458716539999999,4.458716539999999,4.458716539999999,90.0,90.0,90.0,False,False,3
mp-28627,K4Br2O,0.9912,False,22284.67324877308,5.1425213134693735,5.1425213134693735,16.499489024321065,90.0,90.0,90.0,False,False,3
mp-28650,CsBr2F,1.7763,False,128779.33553027592,4.27837794,4.27837794,7.29947473,90.0,90.0,90.0,False,False,3
mp-28872,RbBrO3,3.9953,False,2378.1181829466414,6.187149537530214,6.187149537530214,8.046314704891248,90.0,90.0,120.0,False,False,3
mp-28873,CsBrO3,4.1681,False,2129.221098648708,6.487495564417428,6.487495564417428,8.212267920271843,90.0,90.0,120.0,False,False,3
mp-29138,KAuSe2,0.8850000000000002,False,401672.0033034605,7.76354793,7.76354793,3.6917726,90.0,90.0,90.0,False,False,3
mp-29241,Ca3SnO,0.0,True,408500.4266265871,4.82648645,4.82648645,4.82648645,90.0,90.0,90.0,False,False,3
mp-29529,NaSnP,0.5826000000000002,False,495552.5565432947,3.902264619232145,3.902264619232145,11.60116774,90.0,90.0,120.0,False,False,3
mp-30031,CaI2,3.8971,False,3052.9396595666235,4.528965534996328,4.528965534996328,7.20982996,90.0,90.0,120.0,False,False,2
mp-30034,MgBr2,4.4707,False,1598.3007790104289,3.85746933455824,3.85746933455824,6.40192218,90.0,90.0,120.0,False,False,2
mp-30247,Mg(HO)2,4.1797,False,809.5603382613034,5.443761582791178,3.1364833403674,4.613085206388167,90.0,90.16632192917932,90.0,False,False,3
mp-30315,Ca3BN3,0.5682,False,139367.14711693086,3.55636632,3.55636632,8.12197555,90.0,90.0,90.0,False,False,3
mp-30373,RbAu,0.3698999999999999,False,241078.395797198,4.1045935,4.1045935,4.1045935,90.0,90.0,90.0,False,False,2
mp-30530,TlClO4,4.5707,False,1165.9595420295084,7.530739994573287,7.530739994573287,7.530739994573287,90.0,90.0,90.0,False,False,3
mp-30847,TiSnPt,0.8681000000000001,False,581355.922876423,6.192660662974627,6.192660662974627,6.192660662974627,90.0,90.0,90.0,False,False,3
mp-3056,NaTlO2,0.6208,False,118961.1457971847,3.368557482291428,3.368557482291428,16.36677463147105,90.0,90.0,120.0,False,False,3
mp-3104,BaZrN2,0.9972000000000004,False,161738.43822509967,4.18039391,4.18039391,8.43381836,90.0,90.0,90.0,False,False,3
mp-3159,Al2CdSe4,2.0047,False,62152.50405227053,5.804804229696501,5.804804229696501,10.815453187868458,90.0,90.0,90.0,False,False,3
mp-3216,Li2ZrN2,1.5618999999999996,False,131380.10746702383,3.278306470513172,3.278306470513172,5.43381109,90.0,90.0,120.0,False,False,3
mp-3277,BAsO4,4.2615,False,1445.979115960895,4.49187016357314,4.49187016357314,6.811858207054299,90.0,90.0,90.0,False,False,3
mp-3332,NaCrSe2,0.7807999999999997,False,329690.0740692932,3.757760781135729,3.757760781135729,20.29866218527898,90.0,90.0,120.0,False,False,3
mp-3524,LiPN2,3.8016,False,1588.048912681453,4.523835365493665,4.523835365493665,7.21155665623864,90.0,90.0,90.0,False,False,3
mp-3614,KTaO3,2.0995,False,14623.16284609314,3.99488137,3.99488137,3.99488137,90.0,90.0,90.0,False,False,3
mp-3744,NaNbO2,1.3781,False,288854.3592331561,2.9750813216821745,2.9750813216821745,11.51547288,90.0,90.0,120.0,False,False,3
mp-3748,AlCuO2,1.7978000000000005,False,38925.61264564922,2.842032696097164,2.842032696097164,16.9434736760724,90.0,90.0,120.0,False,False,3
mp-3808,K2UO4,1.9773,False,63751.66847176948,4.327535827598024,4.327535827598024,13.245742374373451,90.0,90.0,90.0,False,False,3
mp-3810,Hg(AsO3)2,0.7083000000000004,False,72803.50847817081,4.874283114676318,4.874283114676318,5.04585867,90.0,90.0,120.0,False,False,3
mp-3834,BaZrO3,3.0377,False,3759.392184297751,4.21238715,4.21238715,4.21238715,90.0,90.0,90.0,False,False,3
mp-3915,BaHgO2,2.2727,False,7526.851236489025,4.160198275340768,4.160198275340768,19.508546744317712,90.0,90.0,120.0,False,False,3
mp-3924,LiNbO2,1.5794999999999997,False,179101.26336769355,2.92178473863483,2.92178473863483,10.45103486,90.0,90.0,120.0,False,False,3
mp-3927,CaAsAu,0.0,True,672204.9790067272,4.412599635527419,4.412599635527419,7.98044314,90.0,90.0,120.0,False,False,3
mp-3980,LiSbF6,4.933400000000001,False,588.6755853036367,5.011860444888854,5.011860444888854,13.52283820427933,90.0,90.0,120.0,False,False,3
mp-31451,ZrCoBi,0.9771999999999998,False,854967.6178182124,6.188086214713498,6.188086214713498,6.188086214713498,90.0,90.0,90.0,False,False,3
mp-31454,TaSbRu,0.665,False,671593.447331277,6.158502656984395,6.158502656984395,6.158502656984395,90.0,90.0,90.0,False,False,3
mp-33723,BiTeBr,1.2364000000000002,False,328364.8986752837,4.309625150641084,4.309625150641084,6.80777322,90.0,90.0,120.0,False,False,3
mp-34337,H4NCl,4.9364,False,972.9253075483556,3.808595930000001,3.808595930000001,3.808595930000001,90.0,90.0,90.0,False,False,3
mp-34857,KNO2,2.5157,False,4166.664545598492,7.008438505255795,5.743129586081724,4.0603803431538985,90.0,118.0025526772003,90.0,False,False,3
mp-34932,CaHN,2.193,False,35565.406969751006,3.5280814324733254,3.5280814324733254,5.678068218281358,90.0,90.0,90.0,False,False,3
mp-35152,Sr2H5Rh,0.5802999999999998,False,161551.3701960409,5.33673458537532,5.33673458537532,7.7565849299990015,90.0,90.0,90.0,False,False,3
mp-35171,NbO2F,0.89,False,44178.39869008078,9.64111,5.317984,5.510522987768221,90.0,123.02756518321148,90.0,False,False,3
mp-36111,LiMgP,1.5391000000000004,False,26838.867330251825,5.977452437033649,5.977452437033649,5.977452437033649,90.0,90.0,90.0,False,False,3
mp-36526,AcOF,4.256600000000001,False,1318.1664145224283,5.947453499538033,5.947453499538033,5.947453499538033,90.0,90.0,90.0,False,False,3
mp-37153,AgAsF6,1.6806,False,34853.31394893337,8.3116070522449,8.3116070522449,8.3116070522449,90.0,90.0,90.0,False,False,3
mp-37906,LiMgN,2.2707,False,25087.88369761101,4.957088713079906,4.957088713079906,4.957088713079906,90.0,90.0,90.0,False,False,3
mp-4026,KCrS2,1.1644,False,310583.9219828948,3.6502725103500553,3.6502725103500553,21.25070423007936,90.0,90.0,120.0,False,False,3
mp-4043,NbCu3Se4,1.3604000000000005,False,347010.4366580591,5.66526997,5.66526997,5.66526997,90.0,90.0,90.0,False,False,3
mp-4081,TaCu3Se4,1.5980000000000003,False,246492.2524396186,5.66757839,5.66757839,5.66757839,90.0,90.0,90.0,False,False,3
mp-4124,CaCN2,3.5774,False,2469.341739615796,3.693055649529556,3.693055649529556,14.8163241108812,90.0,90.0,120.0,False,False,3
mp-4226,LiCrS2,0.6463000000000001,False,329721.7370094671,3.494303304593392,3.494303304593392,5.97137878,90.0,90.0,120.0,False,False,3
mp-4495,KLiTe,2.4134,False,20327.664568423246,4.83709739,4.83709739,7.7010359,90.0,90.0,90.0,False,False,3
mp-4524,ZnGeP2,1.1782000000000004,False,331422.095255636,5.44247719526815,5.44247719526815,10.72953379016804,90.0,90.0,90.0,False,False,3
mp-4555,Ca(AsO3)2,3.3115,False,2090.915583287175,4.848555640614101,4.848555640614101,5.10058609,90.0,90.0,120.0,False,False,3
mp-4586,LiAlTe2,2.4411,False,28863.765724129087,6.376605085897262,6.376605085897262,11.846756262533203,90.0,90.0,90.0,False,False,3
mp-4763,ZnSiP2,1.3641000000000003,False,88200.938563931,5.373406472892095,5.373406472892095,10.460061263583198,90.0,90.0,90.0,False,False,3
mp-4961,Na2HgO2,1.6474000000000002,False,36143.37149898956,3.380091645036754,3.380091645036754,13.344403586185654,90.0,90.0,90.0,False,False,3
mp-5020,BaTiO3,2.5087,False,10012.395070545836,5.696512242872505,5.696512242872505,7.006680998016194,90.0,90.0,120.0,False,False,3
mp-5077,NaLi2Sb,0.6796000000000002,False,189905.35304237847,6.795646654774678,6.795646654774678,6.795646654774678,90.0,90.0,90.0,False,False,3
mp-5175,NaInO2,1.9142,False,39613.2458039494,3.245754100458076,3.245754100458076,16.278379742648077,90.0,90.0,120.0,False,False,3
mp-5475,NaTaN2,1.2764999999999995,False,342983.2542372014,3.1246283752831827,3.1246283752831827,16.895790765431105,90.0,90.0,120.0,False,False,3
mp-5488,LiInO2,1.8143,False,24264.50780068476,4.33204656,4.33204656,9.284801999999996,90.0,90.0,90.0,False,False,3
mp-5513,Tl3VS4,1.9554,False,305744.844692952,7.585991511383335,7.585991511383335,7.585991511383335,90.0,90.0,90.0,False,False,3
mp-5621,NbCu3S4,1.6574,False,197920.1737624481,5.481253390000002,5.481253390000002,5.481253390000002,90.0,90.0,90.0,False,False,3
mp-5693,NaCrS2,0.9908999999999994,False,268774.29737357266,3.5732435024177183,3.5732435024177183,19.323996606753752,90.0,90.0,120.0,False,False,3
mp-5782,AlAgS2,1.8992,False,30561.72052394872,5.702493798080077,5.702493798080077,10.42079127095814,90.0,90.0,90.0,False,False,3
mp-5860,K2HgO2,2.0773,False,10816.693181468796,3.9055675294188887,3.9055675294188887,14.001863599284396,90.0,90.0,90.0,False,False,3
mp-5878,KZnF3,3.6954,False,596.6240163108432,4.04741679,4.04741679,4.04741679,90.0,90.0,90.0,False,False,3
mp-5928,Al2CdS4,2.7263,False,6829.102139150615,5.5897148331629,5.5897148331629,10.172142222730873,90.0,90.0,90.0,False,False,3
mp-5955,NaSbF6,4.8892,False,434.01326986911,8.269211348815512,8.269211348815512,8.269211348815512,90.0,90.0,90.0,False,False,3
mp-5967,TiCoSb,1.0431999999999997,False,703429.7849508929,5.856694968174344,5.856694968174344,5.856694968174344,90.0,90.0,90.0,False,False,3
mp-6867,KCaCO3F,4.3552,False,679.5683174023333,5.16420276013268,5.16420276013268,4.507312,90.0,90.0,120.0,False,False,5
mp-6949,InF3,4.0226,False,833.2799095148874,5.204282365849269,5.204282365849269,14.72251840346096,90.0,90.0,120.0,False,False,2
mp-6951,RbCdF3,3.1745,False,827.7468176966507,4.42498073,4.42498073,4.42498073,90.0,90.0,90.0,False,False,3
mp-7041,CaHgO2,2.125,False,9108.555119447674,3.5889344719284155,3.5889344719284155,18.783670289953964,90.0,90.0,120.0,False,False,3
mp-7077,KAuS,2.1003000000000003,False,15457.341791662124,6.313643512264245,7.872171266671454,6.6852625,90.0,90.0,90.0,False,False,3
mp-7113,CrAuS2,0.5956000000000001,False,410573.9926760999,3.541241720078718,3.541241720078718,21.32409929126661,90.0,90.0,120.0,False,False,3
mp-7128,Cd(AsO3)2,1.9349,False,21823.626634634704,4.853158773644379,4.853158773644379,4.89477796,90.0,90.0,120.0,False,False,3
mp-7375,KNbO3,2.2934,False,10891.93744703933,5.719298851832022,5.719298851832022,7.034617799674489,90.0,90.0,120.0,False,False,3
mp-7436,KCuTe,0.6037000000000003,False,105660.1624469098,4.439219515190207,4.439219515190207,10.05900949,90.0,90.0,120.0,False,False,3
mp-7437,KZnP,0.8395999999999999,False,372041.85720233206,4.063758328821727,4.063758328821727,10.1455352,90.0,90.0,120.0,False,False,3
mp-7439,K3Cu3P2,1.2892,False,316380.148244157,5.658119561005387,5.658119561005387,19.98612960033961,90.0,90.0,120.0,False,False,3
mp-7472,RbAuO2,1.4611,False,20636.443532558747,4.661739708455387,12.291815425932189,6.04778681,90.0,90.0,90.0,False,False,3
mp-7482,RbHgF3,0.6454,False,7686.021355251851,4.54921913,4.54921913,4.54921913,90.0,90.0,90.0,False,False,3
mp-7483,KHgF3,0.6082000000000001,False,6466.890138315459,4.52986409244832,4.52986409244832,4.52986409244832,90.0,90.0,90.0,False,False,3
mp-7523,Th2TeN2,1.6182999999999996,False,114963.56716171245,4.105755686259103,4.105755686259103,13.176205547441128,90.0,90.0,90.0,False,False,3
mp-7569,KAsF6,4.8371,False,425.5842754169197,7.337638122141424,7.337638122141424,7.129751833988707,90.0,90.0,120.0,False,False,3
mp-7575,LiZnN,0.5187000000000004,False,86373.19003071263,4.864794373012698,4.864794373012698,4.864794373012698,90.0,90.0,90.0,False,False,3
mp-7608,Li2PdO2,1.1973000000000005,False,98639.5568730698,2.99161912,3.72335404,9.21584058,90.0,90.0,90.0,False,False,3
mp-7611,Li2CaGeO4,4.1135,False,1452.921811161148,5.159096,5.159096,6.830424,90.0,90.0,90.0,False,False,4
mp-7768,Th2SeN2,1.3591999999999995,False,27554.07512665424,4.040422289686903,4.040422289686903,7.18960449,90.0,90.0,120.0,False,False,3
mp-7769,Th2SN2,1.4240000000000004,False,20698.3546223314,4.018100426768371,4.018100426768371,6.95317168,90.0,90.0,120.0,False,False,3
mp-7801,CaGeN2,2.6621999999999995,False,6830.4352579140605,5.432632048648662,5.432632048648662,7.157884792966311,90.0,90.0,90.0,False,False,3
mp-7849,AlAsO4,4.2634,False,954.2831110652696,5.078091656566135,5.078091656566135,7.528159780446002,90.0,90.0,90.0,False,False,3
mp-7863,Rb2Sn2O3,1.2195999999999998,False,83902.74471708787,6.116072005758475,6.116072005758475,15.095677810604515,90.0,90.0,120.0,False,False,3
mp-7895,Rb2O2,1.7600000000000002,False,23874.58946365744,4.186799731086583,5.976776745704844,7.076612094465815,90.0,90.0,90.0,False,False,2
mp-7896,Cs2O2,1.6496,False,29350.10738547648,4.33370958994754,6.43736744742368,7.55766327013292,90.0,90.0,90.0,False,False,2
mp-7906,Al2HgS4,2.0244000000000004,False,56412.52379013178,5.575833556859672,5.575833556859672,10.245984130080153,90.0,90.0,90.0,False,False,3
mp-7921,MgPdF6,1.8285,False,72200.84236859188,4.931299724025061,4.931299724025061,13.529971815741508,90.0,90.0,120.0,False,False,3
mp-7928,K2PtS2,1.2355999999999998,False,85355.80796884278,3.6186655897013416,7.098178932701671,9.412076785098767,90.0,90.0,90.0,False,False,3
mp-7929,Rb2PtS2,1.2521,False,100232.41293131748,3.649726006860059,7.314518603315928,9.8947894216789,90.0,90.0,90.0,False,False,3
mp-7936,LiNbS2,0.7134999999999998,False,471530.5134154525,3.379511532247833,3.379511532247833,12.88272117,90.0,90.0,120.0,False,False,3
mp-7937,NaNbS2,0.6250999999999998,False,422686.4396842488,3.426692771606144,3.426692771606144,14.15652617,90.0,90.0,120.0,False,False,3
mp-7939,NaNbSe2,0.5013999999999994,False,433681.6562374442,3.5745049706748264,3.5745049706748264,14.80995926,90.0,90.0,120.0,False,False,3
mp-7950,ThSeO,0.7690000000000001,False,60687.97287831364,4.03862619,4.03862619,7.07161869,90.0,90.0,90.0,False,False,3
mp-7979,K2PdF6,2.0399000000000003,False,16463.907998404524,5.692030111272928,5.692030111272928,4.60172173,90.0,90.0,120.0,False,False,3
mp-7988,Cs2O,0.5831999999999997,False,256922.89481703893,4.197928893645642,4.197928893645642,20.09399423504375,90.0,90.0,120.0,False,False,2
mp-8016,AlCuSe2,0.8921999999999999,False,199982.6375933746,5.586895595237361,5.586895595237361,11.057294715261245,90.0,90.0,90.0,False,False,3
mp-8017,AlCuTe2,1.0186000000000002,False,319313.0016130894,6.034586522527073,6.034586522527073,12.011829386038276,90.0,90.0,90.0,False,False,3
mp-8041,Rb2S,1.9632,False,45433.19359762542,7.777320933490631,7.777320933490631,7.777320933490631,90.0,90.0,90.0,False,False,2
mp-8136,ThSO,1.1144999999999996,False,34968.605989908945,3.97421556,3.97421556,6.77586343,90.0,90.0,90.0,False,False,3
mp-8175,KTlO2,0.8820000000000001,False,137234.67037901733,3.4535242973327644,3.4535242973327644,18.306719996473184,90.0,90.0,120.0,False,False,3
mp-8176,RbTlO2,0.8461999999999996,False,150778.75717179524,3.48784157923181,3.48784157923181,19.203962748926696,90.0,90.0,120.0,False,False,3
mp-8177,HgF2,0.9687,False,97377.12392970888,5.556361843949142,5.556361843949142,5.556361843949142,90.0,90.0,90.0,False,False,2
mp-8226,ThNF,2.2590000000000003,False,8203.687447345876,4.008795930883139,4.008795930883139,20.300737860803384,90.0,90.0,120.0,False,False,3
mp-8255,CaPtF6,2.643,False,8873.905638087723,5.1919305248511,5.1919305248511,14.903034106222874,90.0,90.0,120.0,False,False,3
mp-8256,ZnPtF6,2.0919,False,88208.41493965672,4.956223896552941,4.956223896552941,13.765944681960754,90.0,90.0,120.0,False,False,3
mp-8276,Sr(ZnP)2,0.8285999999999998,False,397073.6473252399,4.081281343079267,4.081281343079267,7.09682644,90.0,90.0,120.0,False,False,3
mp-8277,Sr(CdP)2,0.7109000000000001,False,371391.7504550661,4.359522220957518,4.359522220957518,7.31153407,90.0,90.0,120.0,False,False,3
mp-8278,Ba(MgP)2,1.1366,False,252430.03640810424,4.374277007884123,4.374277007884123,7.62668553,90.0,90.0,120.0,False,False,3
mp-8279,Ba(CdP)2,0.6835999999999998,False,393647.90666924114,4.437200700112347,4.437200700112347,7.61485279,90.0,90.0,120.0,False,False,3
mp-8280,Ba(MgAs)2,1.0689000000000002,False,312383.2603349332,4.492983555272889,4.492983555272889,7.77005598,90.0,90.0,120.0,False,False,3
mp-8289,SnF3,2.7195,False,7433.081679332176,8.697951889614073,8.697951889614073,8.697951889614073,90.0,90.0,90.0,False,False,2
mp-8291,BaTiF6,4.3236,False,1471.815100285188,7.409294745509793,7.409294745509793,7.243374630764433,90.0,90.0,120.0,False,False,3
mp-8298,Sr4P2O,1.2134,False,207960.65972027212,4.814255657166646,4.814255657166646,15.995377817463115,90.0,90.0,90.0,False,False,3
mp-8299,Sr4As2O,1.1923999999999997,False,259193.16692147104,4.857748803716024,4.857748803716024,16.348874162305346,90.0,90.0,90.0,False,False,3
mp-8348,TlSbF6,4.3334,False,1221.283655367561,7.691566867726074,7.691566867726074,7.709062465957791,90.0,90.0,120.0,False,False,3
mp-8393,Tl3SbS3,1.592,False,266429.622610113,9.668525231747664,9.668525231747664,7.524514919878448,90.0,90.0,120.0,False,False,3
mp-8399,CsCdF3,3.2859,False,928.0827566443754,4.4868106800000005,4.4868106800000005,4.4868106800000005,90.0,90.0,90.0,False,False,3
mp-8430,KLiS,3.0571,False,4297.172652751862,4.31172379,4.31172379,6.9418715,90.0,90.0,90.0,False,False,3
mp-8452,NaLiS,2.2642,False,4514.839140198535,4.00926097,4.00926097,6.47945416,90.0,90.0,90.0,False,False,3
mp-8579,Ba(AgS)2,0.8761000000000001,False,99643.13642775409,4.395652773662516,4.395652773662516,7.26815684,90.0,90.0,120.0,False,False,3
mp-8621,K2PtSe2,0.9345,False,301756.0364292911,3.7690503513755385,7.38322861819781,9.718584953452895,90.0,90.0,90.0,False,False,3
mp-8622,Rb2PtSe2,1.0034,False,283592.3353381461,3.795876349801565,7.619263505433866,10.20088095925044,90.0,90.0,90.0,False,False,3
mp-8658,CsNaSe,2.027,False,45657.00592164812,4.9949251,4.9949251,8.1072423,90.0,90.0,90.0,False,False,3
mp-8751,RbLiS,2.745,False,5798.108931361367,4.41180301,4.41180301,7.26324285,90.0,90.0,90.0,False,False,3
mp-8756,KLiSe,2.5249,False,12517.65132389981,4.50147408,4.50147408,7.20714494,90.0,90.0,90.0,False,False,3
mp-8818,Ca2ZnN2,0.7618,False,173673.98573903082,3.579630731830518,3.579630731830518,12.552653628812164,90.0,90.0,90.0,False,False,3
mp-8830,NaRhO2,1.3773999999999995,False,293044.74917305965,3.1173379381712683,3.1173379381712683,15.275066728828229,90.0,90.0,120.0,False,False,3
mp-8873,LiGeBO4,4.526400000000001,False,998.030584011542,4.561494,4.561494,6.99065,90.0,90.0,90.0,False,False,4
mp-8922,Cd(SbO3)2,1.4136000000000006,False,36774.09289700449,5.263299531517678,5.263299531517678,4.8221408,90.0,90.0,120.0,False,False,3
mp-8963,Cs2HgF4,2.0818,False,2920.969068014745,4.651847420765739,4.651847420765739,14.49661146151471,90.0,90.0,90.0,False,False,3
mp-9124,LiZnAs,0.5518000000000001,False,378357.8514262151,5.904923725400157,5.904923725400157,5.904923725400157,90.0,90.0,90.0,False,False,3
mp-9125,Ca(SbO3)2,2.6943,False,3084.2803018314885,5.257915544365719,5.257915544365719,5.02144323,90.0,90.0,120.0,False,False,3
mp-9126,Sr(SbO3)2,2.7881,False,2848.859454669209,5.291663207155271,5.291663207155271,5.38664006,90.0,90.0,120.0,False,False,3
mp-9127,Ba(SbO3)2,2.8606,False,2837.0065165393453,5.32814760746502,5.32814760746502,5.81558169,90.0,90.0,120.0,False,False,3
mp-9166,MgCN2,3.7571,False,1929.2885596852425,3.2600891591127903,3.2600891591127903,14.147028540108757,90.0,90.0,120.0,False,False,3
mp-9195,BaCuSeF,1.4265000000000003,False,137046.15259772676,4.263533,4.263533,9.246547,90.0,90.0,90.0,False,False,4
mp-9200,K3AuO,0.5612,False,95206.74412544028,5.22438571,5.22438571,5.22438571,90.0,90.0,90.0,False,False,3
mp-9244,LiBC,0.8471000000000002,False,223175.28650332656,2.7378283032087447,2.7378283032087447,6.97399677,90.0,90.0,120.0,False,False,3
mp-9250,RbLiSe,2.3089,False,17725.60233224792,4.60204775,4.60204775,7.50977297,90.0,90.0,90.0,False,False,3
mp-9262,Cs2PtF6,2.814,False,1304.5655029933089,8.98590295986331,8.98590295986331,8.98590295986331,90.0,90.0,90.0,False,False,3
mp-9295,TaCu3Te4,1.1406999999999998,False,501207.6808262144,5.95981266,5.95981266,5.95981266,90.0,90.0,90.0,False,False,3
mp-9306,Sr2ZnN2,0.7944999999999998,False,166144.93804483186,3.859155152638756,3.859155152638756,12.806557819802462,90.0,90.0,90.0,False,False,3
mp-9307,Ba2ZnN2,0.4771000000000001,False,174189.17394578274,4.196748674773235,4.196748674773235,12.98374003784539,90.0,90.0,90.0,False,False,3
mp-9321,Ba2HfS4,0.8648000000000002,False,123480.77087783183,4.947177871579435,4.947177871579435,15.853010885369242,90.0,90.0,90.0,False,False,3
mp-9437,NbFeSb,0.5137999999999998,False,802768.3929746277,5.941343040165678,5.941343040165678,5.941343040165678,90.0,90.0,90.0,False,False,3
mp-9517,SrTiN2,0.7925999999999997,False,181108.99885577493,3.8876311,3.8876311,7.71043072,90.0,90.0,90.0,False,False,3
mp-9562,LiBeAs,1.0077000000000005,False,39840.25395232686,3.73657199,3.73657199,6.16510828,90.0,90.0,90.0,False,False,3
mp-9564,Ca(MgAs)2,1.2605000000000004,False,152036.75370760105,4.354346239332193,4.354346239332193,7.11395737,90.0,90.0,120.0,False,False,3
mp-9565,Ca(MgSb)2,0.7931000000000008,False,385878.47167753166,4.668702966660666,4.668702966660666,7.55267646,90.0,90.0,120.0,False,False,3
mp-9566,Sr(MgSb)2,0.9813,False,426183.8154045048,4.728552197557243,4.728552197557243,7.84881873,90.0,90.0,120.0,False,False,3
mp-9567,Ba(MgSb)2,0.8466,False,438194.3666157855,4.798539425659251,4.798539425659251,8.20590387,90.0,90.0,120.0,False,False,3
mp-9569,Ca(ZnP)2,0.875,False,306793.15624206414,4.015433515824463,4.015433515824463,6.81288469,90.0,90.0,120.0,False,False,3
mp-9570,Ca(CdP)2,0.8195999999999999,False,289317.1139361393,4.29230685198745,4.29230685198745,7.05544856,90.0,90.0,120.0,False,False,3
mp-9573,NaBeAs,1.2874000000000003,False,344224.0006657944,3.818149923520517,3.818149923520517,8.84438782,90.0,90.0,120.0,False,False,3
mp-9583,K2ZnF4,4.3016000000000005,False,471.69431357850215,4.044590090666566,4.044590090666566,13.039290894151282,90.0,90.0,90.0,False,False,3
mp-9610,Li2CN2,3.7395,False,1555.3745622647543,3.636013843424154,3.636013843424154,8.704401826323299,90.0,90.0,90.0,False,False,3
mp-9631,AlAgO2,1.4090999999999996,False,15494.023639725978,2.877864693569708,2.877864693569708,12.24930776,90.0,90.0,120.0,False,False,3
mp-9813,WS2,1.6021,False,103099.98882202672,3.184866510777023,3.184866510777023,19.469401733805515,90.0,90.0,120.0,False,False,2
mp-9821,RbSbF6,4.8849,False,507.5468045415349,7.549126683316475,7.549126683316475,7.629588796224952,90.0,90.0,120.0,False,False,3
mp-9915,LiBeP,1.1585,False,24947.89960466696,3.60554335,3.60554335,5.99069175,90.0,90.0,90.0,False,False,3
mp-1008394,Cl2,2.2818,False,26178.059046736627,4.0268581,6.62215116,8.4513601,90.0,90.0,90.0,False,False,1
mp-1008492,BrCl,1.8129,False,76540.63894173676,4.927516,7.877746,7.810701,90.0,90.0,90.0,False,False,2
mp-1008506,BaGaSiH,0.4792,False,664164.2559423075,4.277147807570198,4.277147807570198,5.2846988,90.0,90.0,120.0,False,False,4
mp-1009084,BeSnAs2,0.6936999999999998,False,441626.3002954402,5.6113687,5.6113687,11.313100020000087,90.0,90.0,90.0,False,False,3
mp-1009085,BeSiP2,0.8007,False,25751.14800287223,5.11196259,5.11196259,10.1919383800001,90.0,90.0,90.0,False,False,3
mp-1009087,BeSiAs2,1.0226000000000006,False,141560.00029459264,5.33761396,5.33761396,10.644846240000094,90.0,90.0,90.0,False,False,3
mp-1011695,Cs2Se,1.7952,False,50295.285326278514,5.977892778259365,5.977892778259365,14.614205090000954,90.0,90.0,120.0,False,False,2
mp-1013527,BeGeP2,0.9023000000000004,False,147992.45751287125,5.18224573,5.18224573,10.40208988,90.0,90.0,90.0,False,False,3
mp-1013548,Ca3SbN,0.4075000000000006,False,308579.85836143105,4.86018189,4.86018189,4.86018189,90.0,90.0,90.0,False,False,3
mp-1013550,Ca3SbP,0.6583000000000001,False,519448.3427824102,5.382443769999999,5.382443769999999,5.382443769999999,90.0,90.0,90.0,False,False,3
mp-1014244,ZrZnN2,1.99,False,43983.01327352534,3.281255276473114,3.281255276473114,5.28227338,90.0,90.0,120.0,False,False,3
mp-1014251,HfZnN2,2.3179,False,25706.09650697236,3.2393364722889224,3.2393364722889224,5.27934611,90.0,90.0,120.0,False,False,3
mp-1017628,Mg(BeP)2,0.6341000000000001,False,19059.50946950076,3.6463541592403934,3.6463541592403934,6.208677881812383,90.0,90.0,120.0,False,False,3
mp-1018031,KInO2,2.0775,False,19465.210263343168,3.3165671287990266,3.3165671287990266,18.337967505429912,90.0,90.0,120.0,False,False,3
mp-1018138,VI2,1.0370000000000004,False,14634.372958074411,4.1163681389902536,4.1163681389902536,7.11923527009855,90.0,90.0,120.0,False,False,2
mp-1018736,KCdAs,0.1656000000000002,False,423060.2062839728,4.5766098,4.5766098,7.91696195,90.0,90.0,90.0,False,False,3
mp-1018737,KMgP,1.6589,False,80418.23227536392,4.44860499,4.44860499,7.54192427,90.0,90.0,90.0,False,False,3
mp-1019089,KMgAs,1.1621,False,133408.305176525,4.55263303,4.55263303,7.73356801,90.0,90.0,90.0,False,False,3
mp-1025227,Rb2MgCl4,4.8386,False,910.0086504334364,4.98979046,4.98979046,16.210387760000064,90.0,90.0,90.0,False,False,3
mp-1025250,RhF6,0.8667000000000007,False,473661.25627644674,6.29226,6.29226,6.29226,90.0,90.0,90.0,False,False,2
mp-1025286,Rb2ZnF4,4.3870000000000005,False,502.9534812037137,4.12281303,4.12281303,13.682537920000296,90.0,90.0,90.0,False,False,3
mp-1025396,NbTl3Se4,2.1041,False,245511.68218205395,7.957506679999999,7.957506679999999,7.957506679999999,90.0,90.0,90.0,False,False,3
mp-1025549,Tl3VSe4,1.5636,False,470607.3647971522,7.83873682,7.83873682,7.83873682,90.0,90.0,90.0,False,False,3
mp-1029258,Ca(ZnN)2,0.6376,False,100002.62855048268,3.446247358368104,3.446247358368104,5.990279020002931,90.0,90.0,120.0,False,False,3
mp-1029312,RbVN2,0.5831,False,527028.892039705,5.781297041382168,5.781297041382168,8.199177455566605,90.0,90.0,90.0,False,False,3
mp-1029330,Hf2SeN2,0.6071,False,75595.41685864417,3.601783156116274,3.601783156116274,6.614641540005123,90.0,90.0,120.0,False,False,3
mp-1029385,Li2SnN2,1.6967,False,49730.01368701017,3.258302939609888,3.258302939609888,5.429090090001192,90.0,90.0,120.0,False,False,3
mp-1029396,SrHfN2,1.5456999999999996,False,45849.614884283765,4.02121058,4.02121058,8.22138958,90.0,90.0,90.0,False,False,3
mp-1057286,CsH,2.3475,False,42008.82153760337,6.38250884,6.38250884,6.38250884,90.0,90.0,90.0,False,False,2
mp-1068941,K2PdS2,1.117,False,476035.6558126921,3.61324292,7.1381175,9.3855617,90.0,90.0,90.0,False,False,3
mp-1069706,K2PdSe2,0.8458000000000001,False,287427.0339006236,3.77128991,7.43926082,9.677089450000476,90.0,90.0,90.0,False,False,3
mp-1070099,Ca(GaAs)2,0.0353000000000003,False,451982.3136374827,3.989346576723482,3.989346576723482,24.993821799026684,90.0,90.0,120.0,False,False,3
mp-1077553,Sr2BBrN2,2.4076,False,2764.507595137664,4.149198186159703,4.149198186159703,26.687465920356413,90.0,90.0,120.0,False,False,4
mp-1078419,Na3PSe4,1.1168999999999998,False,36186.58881281662,7.274003400000001,7.274003400000001,7.274003400000001,90.0,90.0,90.0,False,False,3
mp-1078552,Li2H6Pt,2.8838,False,3650.279108370517,6.64985432,6.64985432,6.64985432,90.0,90.0,90.0,False,False,3
mp-1078677,Sr2H6Os,2.4354,False,5333.936728047256,7.624555660000001,7.624555660000001,7.624555660000001,90.0,90.0,90.0,False,False,3
mp-1078746,Sr2FeH6,1.3141999999999998,False,22921.881448301054,7.415304499999998,7.415304499999998,7.415304499999998,90.0,90.0,90.0,False,False,3
mp-1079483,LiAuF6,1.8673,False,88774.50888480862,4.937980810153908,4.937980810153908,13.558916920351166,90.0,90.0,120.0,False,False,3
mp-1079647,BaAgSeF,1.2693,False,82464.90636713736,4.412943,4.412943,9.527038,90.0,90.0,90.0,False,False,4
mp-1079896,Ca2H6Ru,2.4473,False,5680.61691609045,7.19337212,7.19337212,7.19337212,90.0,90.0,90.0,False,False,3
mp-1080135,SrZnAsF,0.6936,False,222417.273293402,4.153937,4.153937,9.174868,90.0,90.0,90.0,False,False,4
mp-1080438,SrAgTeF,1.2846999999999995,False,88931.48205865643,4.39882,4.39882,9.730098,90.0,90.0,90.0,False,False,4
mp-1080771,NaCl7,0.4348000000000001,False,29605.363679463248,5.94494117,5.94494117,5.94494117,90.0,90.0,90.0,False,False,2
mp-1080847,Mg3SbN,1.6233999999999993,False,302845.50573237933,4.345318579999999,4.345318579999999,4.345318579999999,90.0,90.0,90.0,False,False,3
mp-1086652,BaAgSF,1.4324,False,61897.51098990184,4.304429,4.304429,9.419909,90.0,90.0,90.0,False,False,4
mp-1091384,NbTl3S4,2.458,False,51855.79119848491,7.74081924,7.74081924,7.74081924,90.0,90.0,90.0,False,False,3
mp-1094088,NbCoSn,0.9703999999999996,False,986308.778333302,5.942632899999997,5.942632899999997,5.942632899999997,90.0,90.0,90.0,False,False,3
mp-1097065,Li2HfN2,1.9346,False,27588.10576509344,3.237120953308554,3.237120953308554,5.42359518,90.0,90.0,120.0,False,False,3
mp-1100408,TaSnRh,1.0594,False,1101466.5710065786,6.16196316,6.16196316,6.16196316,90.0,90.0,90.0,False,False,3
mp-1100415,ZrSbRh,1.1648000000000005,False,720506.0332815852,6.29948808,6.29948808,6.29948808,90.0,90.0,90.0,False,False,3
mp-1101301,TeO3,2.1595,False,9083.16505447247,5.169167770586864,8.94838082,5.073741247036422,90.0,108.83466291529642,90.0,False,False,2
mp-1120763,Cs3VSe4,1.4894,False,159730.863538728,8.60775016,8.60775016,8.60775016,90.0,90.0,90.0,False,False,3
mp-1147551,KCuTeO6,0.7795,False,301811.87484716845,5.107848756326384,5.107848756326384,6.195512,90.0,90.0,120.0,False,False,4
mp-1180133,NaCaH6Ir,3.4213,False,3148.975168131796,7.226078,7.226078,7.226078,90.0,90.0,90.0,False,False,4
mp-1182061,BaNaH6Ir,3.2231,False,3403.6441695826165,7.845098,7.845098,7.845098,90.0,90.0,90.0,False,False,4
mp-1182867,AlWO4,2.9803,False,24754.62754356279,6.34346862,6.64345056,2.82216346,90.0,90.0,90.0,False,False,3
mp-1183053,AcGaO3,2.895900000000001,False,3060.4636529352174,3.94626209,3.94626209,3.94626209,90.0,90.0,90.0,False,False,3
mp-1183115,AcAlO3,4.1024,False,1355.8342067181447,3.85863387,3.85863387,3.85863387,90.0,90.0,90.0,False,False,3
mp-1183920,CsPaO3,2.9729999999999994,False,6191.636302835128,4.42986213,4.42986213,4.42986213,90.0,90.0,90.0,False,False,3
mp-1185537,Cs2HgTe,1.8046,False,517565.36927246576,9.01139554,9.01139554,9.01139554,90.0,90.0,90.0,False,False,3
mp-1185959,MgS2,1.1336999999999997,False,71892.4583051441,6.890758372777457,3.9105414099458464,5.096060408957439,90.0,116.43356047694527,90.0,False,False,2
mp-1205761,K2PdBr6,0.5077,False,112186.78954699726,10.31313332,10.31313332,10.31313332,90.0,90.0,90.0,False,False,3
mp-1205964,Ca2FeH6,1.5002999999999995,False,19923.860694154773,6.992155100000001,6.992155100000001,6.992155100000001,90.0,90.0,90.0,False,False,3
mp-1205992,HfMnF6,4.9479,False,606.7540839552006,8.1784542,8.1784542,8.1784542,90.0,90.0,90.0,False,False,3
mp-1206098,ZrMnF6,4.4442,False,960.6709658262346,8.22839546,8.22839546,8.22839546,90.0,90.0,90.0,False,False,3
mp-1206514,Mg3AsN,2.2818,False,203700.74647530605,4.206285779999999,4.206285779999999,4.206285779999999,90.0,90.0,90.0,False,False,3
mp-1206523,Rb2MnF4,3.0201,False,754.0260639548061,4.2269843,4.2269843,13.79934732,90.0,90.0,90.0,False,False,3
mp-1206528,Cs2MnF4,3.4594,False,790.6311314795953,4.33283634,4.33283634,14.63722826,90.0,90.0,90.0,False,False,3
mp-1206568,Cs2PdCl6,1.3617,False,251837.91728825367,10.31617406,10.31617406,10.31617406,90.0,90.0,90.0,False,False,3
mp-1206881,LiTaS2,0.8540999999999999,False,523634.2484563718,3.3486133783706427,3.3486133783706427,12.88805856,90.0,90.0,120.0,False,False,3
mp-1207082,LiMgSb,1.4438,False,178922.06883582985,6.62367198,6.62367198,6.62367198,90.0,90.0,90.0,False,False,3
mp-1207095,SiPAu,1.0382000000000002,False,352669.7728172729,3.499678356973877,3.499678356973877,17.21197971357209,90.0,90.0,120.0,False,False,3
mp-1207108,BaAlGeH,0.7492999999999999,False,613136.3633229272,4.3823160143664905,4.3823160143664905,5.250054,90.0,90.0,120.0,False,False,4
mp-1207196,Ca2H6Os,2.7001,False,4718.6590471256495,7.229642600000001,7.229642600000001,7.229642600000001,90.0,90.0,90.0,False,False,3
mp-1208162,Tl2GeF6,4.714700000000001,False,1525.7804486732284,5.825515017043676,5.825515017043676,4.7974345,90.0,90.0,120.0,False,False,3
mp-1209302,Rb2TcCl6,1.2635,False,95943.15645050892,10.013643606666667,10.013643606666667,10.013643606666667,90.0,90.0,90.0,False,False,3
mp-1216588,TlInF6,2.6572,False,2913.005631193996,5.272820787207634,5.272820787207634,15.035242899455303,90.0,90.0,120.0,False,False,3
mp-1217120,Ti2FeNiSb2,0.940999999999999,False,706064.0319663176,4.209072084202882,4.209072084202882,20.402701336846967,90.0,90.0,120.0,False,False,4
mp-1217269,TeSe2,0.6533000000000002,False,838076.4015535585,8.087925838012335,4.37132384,5.285795779891439,90.0,91.5878696953824,90.0,False,False,2
mp-1217271,Th2PNO,1.3129,False,231430.30314618337,4.037171557073715,4.037171557073715,6.864159,90.0,90.0,120.0,False,False,4
mp-1217281,Th2AsNO,0.8689999999999998,False,243342.5948701208,4.059042444246796,4.059042444246796,7.008589,90.0,90.0,120.0,False,False,4
mp-1217996,TaCu3Se3S,1.6491000000000002,False,198385.4888878464,7.971498152884625,7.971498152884625,9.917187407456057,90.0,90.0,120.0,False,False,4
mp-1218382,Sr4Bi2O,0.6552000000000002,False,429642.4751153479,5.03004412,5.03004412,17.65217372,90.0,90.0,90.0,False,False,3
mp-1219568,RbCNO,4.5721,False,841.7779814260032,6.385744,6.411616,7.53217,90.0,90.0,90.0,False,False,4
mp-1220879,NaSbSe2,0.6374999999999997,False,533483.483384116,4.116624459433353,4.116624459433353,21.031527413473373,90.0,90.0,120.0,False,False,3
mp-1220883,NaSbTe2,0.6588999999999992,False,986780.785584814,4.401092918715644,4.401092918715644,22.687015704876845,90.0,90.0,120.0,False,False,3
mp-1220967,NaLiCdS2,1.6168999999999998,False,68855.13947221896,4.157273225346754,4.157273225346754,7.041954,90.0,90.0,120.0,False,False,4
mp-1221101,NaBiSe2,1.0922999999999998,False,389492.8045494928,4.195551491404389,4.195551491404389,21.14924113626969,90.0,90.0,120.0,False,False,3
mp-1221102,NaBiTe2,1.0652999999999997,False,848135.6319908629,4.481605181090844,4.481605181090844,22.75485533127894,90.0,90.0,120.0,False,False,3
mp-1221125,NaBiS2,1.4468999999999994,False,164046.51320189785,4.038025313634785,4.038025313634785,20.233535406797834,90.0,90.0,120.0,False,False,3
mp-1221936,MgMnTe2,0.9141,False,106436.94687737564,4.5426874,4.5426874,6.37987516,90.0,90.0,90.0,False,False,3
mp-1222404,LiBiS2,1.4793000000000005,False,151372.08643563604,3.959233953943684,3.959233953943684,18.87256372656762,90.0,90.0,120.0,False,False,3
mp-1222618,Li2ZnCdP2,1.0652,False,230075.44819287863,4.1702274625389695,4.1702274625389695,20.49733145635989,90.0,90.0,120.0,False,False,4
mp-1223443,KBiS2,1.4158000000000004,False,175546.09217304675,4.125924958087792,4.125924958087792,22.17960494687824,90.0,90.0,120.0,False,False,3
mp-1223929,InCuGeS4,1.1346000000000005,False,280232.97123834724,5.615708,5.615708,10.170387999999996,90.0,90.0,90.0,False,False,4
mp-1224210,InCuGeSe4,0.6493000000000002,False,306026.9333459119,5.892196,5.892196,10.786922,90.0,90.0,90.0,False,False,4
mp-1224851,GaCuGeSe4,0.7335000000000003,False,271832.6341130711,5.506401090003024,5.506401090003024,10.8105801,90.0,90.0,90.0,False,False,4
mp-1227238,CaBiIO2,1.6177,False,65186.78645837366,4.036648,4.036648,13.581908,90.0,90.0,90.0,False,False,4
mp-1227444,BiPbBrO2,1.5539000000000005,False,46183.958987935766,4.009902,4.009902,13.19316,90.0,90.0,90.0,False,False,4
mp-1228963,AlAgSnSe4,1.1072000000000002,False,181373.1526894633,6.056212,6.056212,10.812414,90.0,90.0,90.0,False,False,4
mp-1232332,ZnCu2SiSe4,0.5549,False,214802.3733654749,5.619312,5.619312,11.11001,90.0,90.0,90.0,False,False,4
mp-1245429,MgZrN2,0.5047000000000006,False,204617.70587245707,4.460470506748703,4.460470506748703,9.195157410119526,90.0,90.0,90.0,False,False,3
mp-1272139,SnBr2,1.967,False,23860.9289999832,4.329809837740722,4.329809837740722,6.55990546,90.0,90.0,120.0,False,False,2
mp-1323553,CaNiF6,2.1462000000000003,False,95076.35508158176,5.0087377560036535,5.0087377560036535,14.012957715979686,90.0,90.0,120.0,False,False,3
mp-1391273,ZnNiF6,1.6071,False,290447.426284124,4.849657449689381,4.849657449689381,13.096662434987056,90.0,90.0,120.0,False,False,3
mp-1391800,MgMnF6,2.8029,False,30706.128535180364,4.930001411048899,4.930001411048899,13.1825546243165,90.0,90.0,120.0,False,False,3
mp-1397451,MgSnF6,4.9612,False,486.5766712645828,5.156333756631773,5.156333756631773,13.812048279668636,90.0,90.0,120.0,False,False,3
mp-1399447,MgTiF6,4.6253,False,1584.4383673743182,5.216560187877352,5.216560187877352,13.333522691981884,90.0,90.0,120.0,False,False,3
mp-1403065,TiZnF6,4.1668,False,1986.1343761388323,5.085406930239939,5.085406930239939,13.605753578218255,90.0,90.0,120.0,False,False,3
mp-1409292,MgNiF6,0.0,True,253079.7862846288,4.802945592927053,4.802945592927053,13.071237014131205,90.0,90.0,120.0,False,False,3
mp-505297,NbSbRu,0.3772999999999999,False,632929.4041677287,6.175680472710913,6.175680472710913,6.175680472710913,90.0,90.0,90.0,False,False,3
mp-510625,CrCuO2,1.5391000000000004,False,249538.16191214835,2.9811529041234266,2.9811529041234266,17.05281261119436,90.0,90.0,120.0,False,False,3
mp-540584,K2PdO2,1.3697,False,41522.17485998279,3.1374797546537145,6.043120347315936,8.516067661025238,90.0,90.0,90.0,False,False,3
mp-541837,Bi2Se3,0.3769,False,809030.9265679951,4.191366525881255,4.191366525881255,29.92868720220962,90.0,90.0,120.0,False,False,2
mp-545359,KNa2CuO2,1.5144,False,25611.03921834629,4.390372,4.390372,10.944196,90.0,90.0,90.0,False,False,4
mp-545399,NaNiIO6,1.7121000000000002,False,292339.8499417109,4.997436407216504,4.997436407216504,5.308315,90.0,90.0,120.0,False,False,4
mp-545598,UCdO4,1.9644,False,140815.96335880217,6.881459096230008,7.087032217943157,3.52057956,90.0,90.0,90.0,False,False,3
mp-546500,NaCNO,4.4323,False,859.739106456954,3.556690200483722,3.556690200483722,15.054437468009544,90.0,90.0,120.0,False,False,4
mp-546552,KCrO2,2.9299000000000004,False,118282.40717562764,3.061676419823092,3.061676419823092,17.806434429175205,90.0,90.0,120.0,False,False,3
mp-553303,CsCu3O2,1.4572,False,130567.39141502928,5.109521114554128,5.109521114554128,5.518367164091029,90.0,90.0,120.0,False,False,3
mp-554310,TlBiS2,0.4949000000000003,False,486612.9935835373,4.123046531532323,4.123046531532323,22.22197836482597,90.0,90.0,120.0,False,False,3
mp-555908,CoF2,2.2721,False,34528.11423049218,4.643519410000112,4.643519410000112,3.19916469,90.0,90.0,90.0,False,False,2
mp-556417,Rb2NiF6,2.4216,False,29193.815857045323,8.359146094859796,8.359146094859796,8.359146094859796,90.0,90.0,90.0,False,False,3
mp-557257,KVF3,2.0758999999999994,False,2919.256182356782,4.129360336666667,4.129360336666667,4.129360336666667,90.0,90.0,90.0,False,False,3
mp-557938,HfVF6,3.2213000000000003,False,254523.2620725939,8.102363853905208,8.102363853905208,8.102363853905208,90.0,90.0,90.0,False,False,3
mp-558749,RbMnF3,2.9437,False,841.2672884390723,4.23247214,4.23247214,4.23247214,90.0,90.0,90.0,False,False,3
mp-558928,KrF2,2.7303,False,5150.5417362086055,4.53294056,4.53294056,5.84943294,90.0,90.0,90.0,False,False,2
mp-559798,NiF2,4.9116,False,36845.87955327485,4.632870150006959,4.632870150006959,3.0795406,90.0,90.0,90.0,False,False,2
mp-561367,F2,2.4556,False,8961.89282855808,5.3009885450557634,3.0346415467499064,7.047333841333487,90.0,107.36578341623508,90.0,False,False,1
mp-561947,CsHgF3,0.7228,False,15151.165120972732,4.595449719999999,4.595449719999999,4.595449719999999,90.0,90.0,90.0,False,False,3
mp-567636,VFeSb,0.3487,False,714194.2518855494,5.753840445803216,5.753840445803216,5.753840445803216,90.0,90.0,90.0,False,False,3
mp-568346,HfBrN,2.1298000000000004,False,41984.92449914463,3.55823524,4.104030670000001,8.90516558,90.0,90.0,90.0,False,False,3
mp-568560,TlBr,2.2962,False,17298.444781439,6.684083526987348,6.684083526987348,6.684083526987348,90.0,90.0,90.0,False,False,2
mp-568968,K2SnHgSe4,1.4785,False,202781.1298047811,8.237692,8.237692,7.138506,90.0,90.0,90.0,False,False,4
mp-569639,TlCl,2.5369,False,11392.240573333442,6.439101528755188,6.439101528755188,6.439101528755188,90.0,90.0,90.0,False,False,2
mp-570097,Sr(Li2P)2,0.9758999999999998,False,340353.9331480138,4.273837813019665,4.273837813019665,23.534046492280257,90.0,90.0,120.0,False,False,3
mp-570485,SrAlSiH,0.6256999999999993,False,598628.3272822794,4.229390707965511,4.229390707965511,4.964784,90.0,90.0,120.0,False,False,4
mp-570935,LiI,4.3818,False,2139.6924298540885,4.544069301207673,4.544069301207673,7.29169756,90.0,90.0,120.0,False,False,2
mp-571093,BaAlSiH,0.7092999999999998,False,631959.780962811,4.334227520400492,4.334227520400492,5.262552,90.0,90.0,120.0,False,False,4
mp-571102,TlI,2.2086,False,31587.381363825298,7.042062392779568,7.042062392779568,7.042062392779568,90.0,90.0,90.0,False,False,2
mp-571222,CsBr,4.2575,False,1300.618725282268,7.322070118669273,7.322070118669273,7.322070118669273,90.0,90.0,90.0,False,False,2
mp-578610,NaMoO2,2.3805,False,114663.90956116316,3.233550796070319,3.233550796070319,15.657950429619918,90.0,90.0,120.0,False,False,3
mp-581024,CsK2Sb,0.8633999999999997,False,548750.1775329084,8.624056741696341,8.624056741696341,8.624056741696341,90.0,90.0,90.0,False,False,3
mp-605034,K2NiF6,2.3603,False,41639.93618291572,8.002589366977142,8.002589366977142,8.002589366977142,90.0,90.0,90.0,False,False,3
mp-613910,BaNiF6,0.4727,False,114197.20960705166,7.315122782312094,7.315122782312094,6.975401926251443,90.0,90.0,120.0,False,False,3
mp-623024,TiCdF6,4.3774,False,1672.6222187322169,5.252976672040432,5.252976672040432,14.356109007801116,90.0,90.0,120.0,False,False,3
mp-625509,H3BrO,4.5929,False,1025.4707341462174,6.86377480638879,4.991671999133592,4.265772796270595,90.0,112.43663250588558,90.0,False,False,3
mp-626417,CsH3O2,4.0949,False,805.3530061664125,4.425200974766878,8.047120768191801,4.25023165,90.0,90.0,90.0,False,False,3
mp-626620,RbHO,3.3341000000000003,False,1201.6879219214236,4.1177926,10.78808962,4.20268733,90.0,90.0,90.0,False,False,3
mp-626785,KHO,3.6766,False,1041.2824895354722,3.91806938,10.36259366,3.97296462,90.0,90.0,90.0,False,False,3
mp-634657,NaHS,3.1577,False,3320.703610672052,3.9080485140436334,4.45281087,5.912571469459149,90.0,99.63077424658375,90.0,False,False,3
mp-643002,Mg2H6Os,3.3481,False,3448.723120247724,6.635270699999997,6.635270699999997,6.635270699999997,90.0,90.0,90.0,False,False,3
mp-643101,Rb2H6Pt,4.063000000000001,False,2392.438947332574,8.52159184,8.52159184,8.52159184,90.0,90.0,90.0,False,False,3
mp-643243,Cs2H6Pt,3.9083,False,2462.8601738912907,8.9723494,8.9723494,8.9723494,90.0,90.0,90.0,False,False,3
mp-643260,Na2H4Pd,2.2472000000000003,False,43208.74127916281,5.27387412,5.27387412,6.48643392,90.0,90.0,90.0,False,False,3
mp-643279,K2H6Pt,3.9976,False,2478.330197098493,8.1200411,8.1200411,8.1200411,90.0,90.0,90.0,False,False,3
mp-643370,Ba2MgH6,2.8864,False,7442.579949256771,5.717818886919488,5.717818886919488,4.538310090017386,90.0,90.0,120.0,False,False,3
mp-644222,CdHClO,2.4655,False,3690.856588056474,3.734935603785559,3.734935603785559,10.419544,90.0,90.0,120.0,False,False,4
mp-665922,SrHgO2,2.1978,False,7783.07825588909,3.848052180872712,3.848052180872712,19.125475284474728,90.0,90.0,120.0,False,False,3
mp-676861,AlSbO4,1.6178,False,22566.974075730905,6.285973940939151,6.439709731476452,3.01452656,90.0,90.0,90.0,False,False,3
mp-677335,GaPO4,4.698,False,688.3411453267413,4.8987378177899465,4.8987378177899465,7.414960310310909,90.0,90.0,90.0,False,False,3
mp-689925,Cs2NiF6,2.4357,False,25179.208128612325,8.85947491077044,8.85947491077044,8.85947491077044,90.0,90.0,90.0,False,False,3
mp-690785,Na2H6Pt,3.6156,False,2833.8977880099,7.2586319,7.2586319,7.2586319,90.0,90.0,90.0,False,False,3
mp-690794,Sr2HN,1.8058,False,163275.3081902732,3.813497687331907,3.813497687331907,18.906783,90.0,90.0,120.0,False,False,3
mp-697030,Mg2H6Ru,3.0681000000000003,False,4207.552397398441,6.59511244,6.59511244,6.59511244,90.0,90.0,90.0,False,False,3
mp-697038,Ba2H6Ru,1.8699,False,24238.201960244514,8.06730744,8.06730744,8.06730744,90.0,90.0,90.0,False,False,3
mp-697044,Ba2H6Os,1.9655,False,36211.27771402218,8.09241568,8.09241568,8.09241568,90.0,90.0,90.0,False,False,3
mp-697096,Na2H4Pt,2.1188,False,37462.48407810264,5.19455004,5.19455004,6.61749774,90.0,90.0,90.0,False,False,3
mp-697133,Cs2CaH4,3.0097,False,4914.2970956472345,4.60310942,4.60310942,15.507769,90.0,90.0,90.0,False,False,3
mp-752955,WOF4,3.9942,False,2004.229990347011,6.5262972,6.5262972,3.94508062,90.0,90.0,90.0,False,False,3
mp-753287,CaCdO2,0.3754999999999997,False,93276.18400971568,3.3680642066586204,3.3680642066586204,4.7502443,90.0,90.0,90.0,False,False,3
mp-753571,LiVF6,3.0771,False,9716.713844861351,7.535914251561006,7.535914251561006,7.535914251561006,90.0,90.0,90.0,False,False,3
mp-753594,BiOF,2.8878000000000004,False,5185.505943038192,3.96824418363011,3.96958714,5.745037591451439,90.0,90.0,90.0,False,False,3
mp-754065,Hg(SbO3)2,0.5173000000000001,False,83567.25737002956,5.297762437520582,5.297762437520582,4.92415045000132,90.0,90.0,120.0,False,False,3
mp-754326,NaAgO2,0.5911,False,370736.6023522329,6.358373005765971,2.9870691000000003,6.202943271346366,90.0,119.43362890812124,90.0,False,False,3
mp-754363,Ba2HfO4,3.4370000000000003,False,2643.3337105796068,4.16058973,4.16058973,13.555789580000305,90.0,90.0,90.0,False,False,3
mp-754594,VBO4,2.6635,False,16161.856428599343,4.837051472439093,4.837051472439093,7.233375810000683,90.0,90.0,90.0,False,False,3
mp-760375,Li3VS4,1.8832,False,282841.96304758266,5.933063909999999,5.933063909999999,5.933063909999999,90.0,90.0,90.0,False,False,3
mp-760482,F2,3.0949,False,4292.84568394447,4.183802,7.080236,6.375726,90.0,90.0,90.0,False,False,1
mp-774907,KLiZnS2,2.4361,False,21148.393401501187,3.980426,3.980426,13.33576,90.0,90.0,90.0,False,False,4
mp-849872,Bi2TeO2,0.0,True,570056.2935175297,5.641126755421279,5.64097221846221,6.965411087260195,90.0,113.80571645690858,90.0,False,False,3
mp-861460,AcInTe2,0.3799000000000001,False,781706.3164509858,8.10487964,8.10487964,8.10487964,90.0,90.0,90.0,False,False,3
mp-861502,AcFeO3,0.9887999999999996,False,40982.88799625168,3.953573876667525,3.953573876667525,3.953573876667525,90.0,90.0,90.0,False,False,3
mp-861605,AcH3,0.6406999999999998,False,116541.68426922103,5.81138138,5.81138138,5.81138138,90.0,90.0,90.0,False,False,2
mp-861884,AcGaTe2,0.4909999999999996,False,744134.41316703,7.99213714,7.99213714,7.99213714,90.0,90.0,90.0,False,False,3
mp-861937,Ba2AsAu,0.5211000000000001,False,794868.696969853,8.023248,8.023248,8.023248,90.0,90.0,90.0,False,False,3
mp-862631,Ba2SbAu,0.5956999999999999,False,818286.2190581964,8.30433284,8.30433284,8.30433284,90.0,90.0,90.0,False,False,3
mp-862797,RbAcTe2,0.9157000000000002,False,193613.4374320009,8.30391776,8.30391776,8.30391776,90.0,90.0,90.0,False,False,3
mp-862832,PaTlO3,2.6427000000000005,False,9186.563829850817,4.37641728,4.37641728,4.37641728,90.0,90.0,90.0,False,False,3
mp-863251,Sr2SbAu,0.6225000000000005,False,748720.2355366839,7.89470326,7.89470326,7.89470326,90.0,90.0,90.0,False,False,3
mp-863260,Sr(MgAs)2,1.3464000000000005,False,194839.34864291945,4.416644417874583,4.416644417874583,7.415147650011168,90.0,90.0,120.0,False,False,3
mp-863707,KNa2Bi,0.0,True,626842.1090254445,7.87399022,7.87399022,7.87399022,90.0,90.0,90.0,False,False,3
mp-863710,KAcTe2,0.8620999999999999,False,211876.58133732816,8.21316004,8.21316004,8.21316004,90.0,90.0,90.0,False,False,3
mp-863745,RbSrCO3F,4.1259,False,634.4220987471678,5.374844480316429,5.374844480316429,4.865272,90.0,90.0,120.0,False,False,5
mp-863749,Rb2Hf2O5,1.9468,False,2636.6504019237336,4.03150368,4.03150368,9.01397468,90.0,90.0,90.0,False,False,3
mp-863759,CsK2Bi,0.3009999999999999,False,569617.9641444291,8.8081554,8.8081554,8.8081554,90.0,90.0,90.0,False,False,3
mp-863760,CsAcTe2,0.8775000000000004,False,172949.86270642153,8.4539064,8.4539064,8.4539064,90.0,90.0,90.0,False,False,3
mp-864755,LiAcTe2,0.5574000000000003,False,274293.96576027304,7.92575288,7.92575288,7.92575288,90.0,90.0,90.0,False,False,3
mp-865028,AcTlTe2,0.6253000000000002,False,712155.802249361,8.14793804,8.14793804,8.14793804,90.0,90.0,90.0,False,False,3
mp-865081,NaAcTe2,0.6033999999999997,False,238701.9744730853,8.02953576,8.02953576,8.02953576,90.0,90.0,90.0,False,False,3
mp-865120,NaPaO3,2.952,False,4087.962300209894,4.32748724,4.32748724,4.32748724,90.0,90.0,90.0,False,False,3
mp-865145,NaTl2Bi,0.2027000000000001,False,1111950.0980867252,7.854035361823044,7.854035361823044,7.854035361823044,90.0,90.0,90.0,False,False,3
mp-865185,Mg(BeAs)2,0.4041999999999994,False,60947.47739159403,3.784977936815881,3.784977936815881,6.414493850617873,90.0,90.0,120.0,False,False,3
mp-865427,KSrCO3F,4.1032,False,631.2974990726428,5.314263457506883,5.314263457506883,4.766392,90.0,90.0,120.0,False,False,5
mp-865500,Na2Hf2O5,1.9603,False,2883.826558105766,3.94986172,3.94986172,7.94834719,90.0,90.0,90.0,False,False,3
mp-866101,AcCrO3,2.0031000000000008,False,21851.696212424325,3.944286886666667,3.944286886666667,3.944286886666667,90.0,90.0,90.0,False,False,3
mp-866291,AgBr,1.1708,False,53271.42338579928,6.23979268,6.23979268,6.23979268,90.0,90.0,90.0,False,False,2
mp-866311,Bi3BrO4,0.9257999999999996,False,45597.87923122368,5.573171262730868,5.573047231156498,9.32608953888007,90.0,90.0917737391364,90.0,False,False,3
mp-924129,ZrNiSn,0.4954,False,653745.3474077797,6.115230209406351,6.115230209406351,6.115230209406351,90.0,90.0,90.0,False,False,3
mp-961673,TiFeTe,0.9852000000000009,False,794388.265915828,5.8478520277748975,5.8478520277748975,5.8478520277748975,90.0,90.0,90.0,False,False,3
mp-961685,NaCaAs,1.5819,False,223644.55821876143,6.921518345778773,6.921518345778773,6.921518345778773,90.0,90.0,90.0,False,False,3
mp-961693,ZrInAu,0.4412000000000002,False,828336.2701888955,6.47134664,6.47134664,6.47134664,90.0,90.0,90.0,False,False,3
mp-961713,ZrSnPt,0.9627999999999995,False,810627.5095756301,6.380957184692478,6.380957184692478,6.380957184692478,90.0,90.0,90.0,False,False,3
mp-971787,VBr2,1.1332,False,13545.366654135158,3.823556033608837,3.823556033608837,6.412845862146947,90.0,90.0,120.0,False,False,2
mp-975144,RbZn4As3,0.0,True,439263.7167006144,4.15008941,4.15008941,10.4182486,90.0,90.0,90.0,False,False,3
mp-976280,LiBr,4.9350000000000005,False,1208.5166786357402,4.139870978391227,4.139870978391227,6.69329149,90.0,90.0,120.0,False,False,2
mp-976876,K2PtC2,0.9937999999999998,False,451019.931460602,5.1383393208137615,5.1383393208137615,5.194543300031988,90.0,90.0,120.0,False,False,3
mp-977455,PaAgO3,0.915,False,12172.728955420327,4.3149707,4.3149707,4.3149707,90.0,90.0,90.0,False,False,3
mp-978852,SrGaSnH,0.4150999999999998,False,823078.0299932134,4.487417146618976,4.487417146618976,5.165524,90.0,90.0,120.0,False,False,4
mp-980057,SrAlGeH,0.7233999999999998,False,671792.7269814577,4.265790426768994,4.265790426768994,4.967268,90.0,90.0,120.0,False,False,4
mp-985586,Na3BrO,1.8815,False,49642.94809167335,4.53313,4.53313,4.53313,90.0,90.0,90.0,False,False,3
mp-985829,HfS2,1.2237,False,500327.6789188816,3.639664180016492,3.639664180016492,6.05556247,90.0,90.0,120.0,False,False,2
mp-985831,HfSe2,0.5342000000000002,False,441836.7798667727,3.766327657969214,3.766327657969214,6.40983541,90.0,90.0,120.0,False,False,2
mp-991652,VCu3Te4,0.5741000000000005,False,382389.1810270629,5.89521396,5.89521396,5.89521396,90.0,90.0,90.0,False,False,3
mp-991676,NbCu3Te4,0.9169,False,440420.9277217963,5.97188355,5.97188355,5.97188355,90.0,90.0,90.0,False,False,3
mp-996959,LiAuO2,1.3059,False,207033.3722138549,4.209500305362495,4.209500305362495,10.612627772652669,90.0,90.0,90.0,False,False,3
mp-996962,LiAgO2,0.6091000000000001,False,460440.1193533771,4.725696790282039,3.60383585,5.316119598181788,90.0,98.49223677849008,90.0,False,False,3
mp-996996,CrAuO2,1.2660000000000005,False,370142.44102127047,3.0150451394121,3.0150451394121,18.34295917559269,90.0,90.0,120.0,False,False,3
mp-997085,SrAgO2,0.0,True,272393.8133378289,3.521643489999999,4.4147146,7.80739204,90.0,90.0,90.0,False,False,3
mp-997086,SrAgO2,0.3423,False,272393.8133378289,7.230343283198597,9.53283753523725,3.588685664985115,90.0,90.72537424192312,90.0,False,False,3
mp-997089,NaAuO2,1.1589999999999998,False,98118.98242760292,6.525206605131641,3.0220150788640394,6.100228589346787,90.0,118.13978271398555,90.0,False,False,3
mp-997161,CoAuO2,0.5045999999999999,False,486575.565140114,2.88452008046639,2.88452008046639,18.262530218742818,90.0,90.0,120.0,False,False,3
mp-998552,BaHfO3,3.5394,False,2506.1967826431346,4.16956679986942,4.16956679986942,4.170376634314528,90.0,90.0,90.0,False,False,3
mp-998739,MgTlF3,4.2135,False,2006.8807782196293,5.763086413121105,5.766610325457446,4.07704487882767,90.0,90.0,90.0,False,False,3
mp-998745,TlZnF3,3.9179,False,2366.6300216511872,4.117341669414059,4.11502468078564,4.12446155633439,90.0,90.03586409848964,90.0,False,False,3
mp-998761,TlNiF3,3.4347,False,14303.261275449491,4.087357523333332,4.087357523333332,4.087357523333332,90.0,90.0,90.0,False,False,3
mp-998762,MnTlF3,2.6304,False,14626.950782545806,5.990576995876367,5.990187502915574,4.233687939534757,90.0,90.02514694156258,90.0,False,False,3
